-- MySQL dump 10.13  Distrib 8.0.30, for Win64 (x86_64)
--
-- Host: localhost    Database: cueagms
-- ------------------------------------------------------
-- Server version	8.0.30

/*!40101 SET @OLD_CHARACTER_SET_CLIENT=@@CHARACTER_SET_CLIENT */;
/*!40101 SET @OLD_CHARACTER_SET_RESULTS=@@CHARACTER_SET_RESULTS */;
/*!40101 SET @OLD_COLLATION_CONNECTION=@@COLLATION_CONNECTION */;
/*!50503 SET NAMES utf8mb4 */;
/*!40103 SET @OLD_TIME_ZONE=@@TIME_ZONE */;
/*!40103 SET TIME_ZONE='+00:00' */;
/*!40014 SET @OLD_UNIQUE_CHECKS=@@UNIQUE_CHECKS, UNIQUE_CHECKS=0 */;
/*!40014 SET @OLD_FOREIGN_KEY_CHECKS=@@FOREIGN_KEY_CHECKS, FOREIGN_KEY_CHECKS=0 */;
/*!40101 SET @OLD_SQL_MODE=@@SQL_MODE, SQL_MODE='NO_AUTO_VALUE_ON_ZERO' */;
/*!40111 SET @OLD_SQL_NOTES=@@SQL_NOTES, SQL_NOTES=0 */;

--
-- Table structure for table `admin`
--

DROP TABLE IF EXISTS `admin`;
/*!40101 SET @saved_cs_client     = @@character_set_client */;
/*!50503 SET character_set_client = utf8mb4 */;
CREATE TABLE `admin` (
  `admin_id` int NOT NULL AUTO_INCREMENT,
  `admin_number` varchar(50) NOT NULL,
  `admin_fullname` varchar(255) NOT NULL,
  `gender` varchar(5) NOT NULL,
  `email` varchar(50) NOT NULL,
  `phone` varchar(11) NOT NULL,
  `admin_address` varchar(255) DEFAULT NULL,
  `date_created` date NOT NULL,
  `role` varchar(100) DEFAULT NULL,
  `password` varchar(200) NOT NULL,
  PRIMARY KEY (`admin_id`),
  UNIQUE KEY `admin_number` (`admin_number`),
  UNIQUE KEY `email` (`email`)
) ENGINE=InnoDB AUTO_INCREMENT=4 DEFAULT CHARSET=utf8mb4 COLLATE=utf8mb4_0900_ai_ci;
/*!40101 SET character_set_client = @saved_cs_client */;

--
-- Dumping data for table `admin`
--

LOCK TABLES `admin` WRITE;
/*!40000 ALTER TABLE `admin` DISABLE KEYS */;
INSERT INTO `admin` VALUES (1,'10001','Kejgon James','Male','kejgon@gmail.com','0700000000','Ngong Road','2022-01-25','Admin',''),(2,'000001','John Doe Admin','Male','admin@gmail.com','0799993333','NAIROBI','2023-06-03','Admin','Admin123,./');
/*!40000 ALTER TABLE `admin` ENABLE KEYS */;
UNLOCK TABLES;

--
-- Table structure for table `clearance`
--

DROP TABLE IF EXISTS `clearance`;
/*!40101 SET @saved_cs_client     = @@character_set_client */;
/*!50503 SET character_set_client = utf8mb4 */;
CREATE TABLE `clearance` (
  `clr_id` int NOT NULL AUTO_INCREMENT,
  `std_fullname` varchar(255) CHARACTER SET utf8mb4 COLLATE utf8mb4_0900_ai_ci NOT NULL,
  `std_regNo` varchar(100) NOT NULL,
  `faculty` varchar(50) NOT NULL,
  `department` varchar(100) NOT NULL,
  `levels` varchar(50) NOT NULL,
  `programs` varchar(255) NOT NULL,
  `specialization` varchar(100) CHARACTER SET utf8mb4 COLLATE utf8mb4_0900_ai_ci DEFAULT NULL,
  `years` int NOT NULL,
  `mode_of_study` varchar(10) NOT NULL,
  `campus` varchar(10) NOT NULL,
  `reason_for_clearance` varchar(255) DEFAULT NULL,
  `other_reasons_for_clearance` text,
  `date_of_submission` date NOT NULL,
  PRIMARY KEY (`clr_id`),
  UNIQUE KEY `std_regNo` (`std_regNo`),
  CONSTRAINT `clearance_ibfk_1` FOREIGN KEY (`std_regNo`) REFERENCES `students` (`std_regNo`) ON DELETE CASCADE ON UPDATE CASCADE
) ENGINE=InnoDB AUTO_INCREMENT=47 DEFAULT CHARSET=utf8mb4 COLLATE=utf8mb4_0900_ai_ci;
/*!40101 SET character_set_client = @saved_cs_client */;

--
-- Dumping data for table `clearance`
--

LOCK TABLES `clearance` WRITE;
/*!40000 ALTER TABLE `clearance` DISABLE KEYS */;
INSERT INTO `clearance` VALUES (30,'Collin Okoth Ochara','1037178','Faculty of Science','Department of Computer and Information Science','Bachelor','Bachelor of Science in Computer Science','not applicable',4,'Day','Langata','Completion',NULL,'2023-02-23'),(33,'Mwiyathi Dammaris Mwasya','1036644','Faculty of Arts & Social Science','Department of Economics','Bachelor','Bachelor of Commerce','not applicable',4,'Day','Langata','Completion',NULL,'2023-02-23'),(34,'Peter Magoba Emmanuel','1441942','Faculty of Science','Department of Mathematics and Actuarial Science','Bachelor','Bachelor of Science in Mathematics','not applicable',4,'Day','Langata','Completion',NULL,'2023-02-23'),(35,'Alice Gilbert','1539062','Faculty of Science','Department of Mathematics and Actuarial Science','Bachelor','Bachelor of Science in Mathematics','not applicable',4,'Day','Langata','Transfer',NULL,'2023-02-23'),(36,'Emayot Amoit Caren','1041226','Faculty of Science','Department of Computer and Information Science','Diploma','Diploma in Information Technology','not applicable',4,'Day','Langata','Completion',NULL,'2023-02-23'),(37,'Naimodu Jackson Koileken','1040227','Faculty of Science','Department of Computer and Information Science','Diploma','Diploma in Information Technology','not applicable',4,'Day','Gaba','Transfer',NULL,'2023-02-23'),(38,'Peter Magoba Emmanuel','1443941','Faculty of Law','Department of CONTINUING PROFESSIONAL DEVELOPMENT PROJECTS AND RESEARCH (CUEA CPD)','Bachelor','Bachelor of Laws (LLB) ','not applicable',4,'Day','Langata','Completion',NULL,'2023-02-24'),(39,'Alice Gilbert','1533062','Faculty of Law','Department of CONTINUING PROFESSIONAL DEVELOPMENT PROJECTS AND RESEARCH (CUEA CPD)','Bachelor','Bachelor of Laws (LLB) ','not applicable',4,'Day','Langata','Completion',NULL,'2023-02-24'),(41,'Magoba Emmanuel','1041949','Faculty of Science','Department of Computer and Information Science','Bachelor','Bachelor of Science in Computer Science','not applicable',4,'Day','Gaba','Completion',NULL,'2023-02-26'),(42,'Kevin John Mangaa','1743031','Faculty of Law','Department of CONTINUING PROFESSIONAL DEVELOPMENT PROJECTS AND RESEARCH (CUEA CPD)','Bachelor','Bachelor of Laws (LLB)','not applicable',4,'Day','Gaba','Transfer',NULL,'2023-04-09'),(44,'Christina kejgon','1078367','Faculty of Science','Department of Natural Sciences','Bachelor','Bachelor of Science in Physics','not applicable',4,'Day','Langata','Completion',NULL,'2023-04-27'),(46,'Jane Gilbert Nzioki','1049061','Faculty of Arts & Social Science','Department of Economics','Bachelor','Bachelor of Commerce','not applicable',4,'Day','Langata','Others','Lack of fees','2023-05-25');
/*!40000 ALTER TABLE `clearance` ENABLE KEYS */;
UNLOCK TABLES;

--
-- Table structure for table `dean_clearance_request`
--

DROP TABLE IF EXISTS `dean_clearance_request`;
/*!40101 SET @saved_cs_client     = @@character_set_client */;
/*!50503 SET character_set_client = utf8mb4 */;
CREATE TABLE `dean_clearance_request` (
  `dean_req_id` int NOT NULL AUTO_INCREMENT,
  `clr_id` int NOT NULL,
  `std_fullnames` varchar(200) NOT NULL,
  `std_regNo` varchar(50) NOT NULL,
  `stdStatus` enum('Pending','Approved','Rejected') NOT NULL DEFAULT 'Pending',
  `emp_fullname` varchar(200) DEFAULT NULL,
  `created_at` timestamp NULL DEFAULT CURRENT_TIMESTAMP,
  `updated_at` timestamp NULL DEFAULT CURRENT_TIMESTAMP ON UPDATE CURRENT_TIMESTAMP,
  PRIMARY KEY (`dean_req_id`),
  UNIQUE KEY `clr_id` (`clr_id`),
  CONSTRAINT `dean_clearance_request_ibfk_1` FOREIGN KEY (`clr_id`) REFERENCES `clearance` (`clr_id`) ON DELETE CASCADE ON UPDATE CASCADE
) ENGINE=InnoDB AUTO_INCREMENT=41 DEFAULT CHARSET=utf8mb4 COLLATE=utf8mb4_0900_ai_ci;
/*!40101 SET character_set_client = @saved_cs_client */;

--
-- Dumping data for table `dean_clearance_request`
--

LOCK TABLES `dean_clearance_request` WRITE;
/*!40000 ALTER TABLE `dean_clearance_request` DISABLE KEYS */;
INSERT INTO `dean_clearance_request` VALUES (24,30,'Collin Okoth Ochara','1037178','Approved','George Kimathi','2023-02-23 14:02:06','2023-02-23 14:19:59'),(27,33,'Mwiyathi Dammaris Mwasya','1036644','Pending',NULL,'2023-02-23 14:05:33','2023-02-23 14:05:33'),(28,34,'Peter Magoba Emmanuel','1441942','Pending',NULL,'2023-02-23 14:06:55','2023-02-23 14:06:55'),(29,35,'Alice Gilbert','1539062','Pending',NULL,'2023-02-23 14:08:03','2023-02-23 14:08:03'),(30,36,'Emayot Amoit Caren','1041226','Approved','George Kimathi','2023-02-23 14:10:57','2023-02-23 14:19:11'),(31,37,'Naimodu Jackson Koileken','1040227','Approved','George Kimathi','2023-02-23 14:11:50','2023-02-23 14:19:01'),(32,38,'Peter Magoba Emmanuel','1443941','Approved','Njeri Kangethe','2023-02-24 06:33:05','2023-02-24 07:05:45'),(33,39,'Alice Gilbert','1533062','Approved','Njeri Kangethe','2023-02-24 06:34:28','2023-02-24 07:05:33'),(35,41,'Magoba Emmanuel','1041949','Approved','George Kimathi','2023-02-26 09:54:18','2023-02-26 13:39:47'),(36,42,'Kevin John Mangaa','1743031','Pending',NULL,'2023-04-09 16:43:29','2023-04-09 16:43:29'),(38,44,'Christina kejgon','1078367','Pending',NULL,'2023-04-27 09:31:41','2023-04-27 09:31:41'),(40,46,'Jane Gilbert Nzioki','1049061','Approved','John Maina','2023-05-24 23:00:16','2023-05-24 23:22:14');
/*!40000 ALTER TABLE `dean_clearance_request` ENABLE KEYS */;
UNLOCK TABLES;

--
-- Table structure for table `employees`
--

DROP TABLE IF EXISTS `employees`;
/*!40101 SET @saved_cs_client     = @@character_set_client */;
/*!50503 SET character_set_client = utf8mb4 */;
CREATE TABLE `employees` (
  `emp_id` int NOT NULL AUTO_INCREMENT,
  `emp_number` varchar(50) NOT NULL,
  `emp_fullname` varchar(255) NOT NULL,
  `faculty` varchar(50) NOT NULL,
  `department` varchar(255) CHARACTER SET utf8mb4 COLLATE utf8mb4_0900_ai_ci NOT NULL,
  `position` varchar(50) NOT NULL,
  `gender` varchar(10) CHARACTER SET utf8mb4 COLLATE utf8mb4_0900_ai_ci NOT NULL,
  `email` varchar(50) NOT NULL,
  `phone` varchar(11) NOT NULL,
  `emp_address` varchar(255) NOT NULL,
  `date_created` date DEFAULT NULL,
  `password` varchar(200) NOT NULL,
  `role` enum('Student','Employee','Admin') CHARACTER SET utf8mb4 COLLATE utf8mb4_0900_ai_ci NOT NULL,
  PRIMARY KEY (`emp_id`),
  UNIQUE KEY `emp_number` (`emp_number`),
  UNIQUE KEY `email` (`email`)
) ENGINE=InnoDB AUTO_INCREMENT=58 DEFAULT CHARSET=utf8mb4 COLLATE=utf8mb4_0900_ai_ci;
/*!40101 SET character_set_client = @saved_cs_client */;

--
-- Dumping data for table `employees`
--

LOCK TABLES `employees` WRITE;
/*!40000 ALTER TABLE `employees` DISABLE KEYS */;
INSERT INTO `employees` VALUES (8,'1000111','Richard Rwiza','Faculty of Theology','not applicable','Dean','Male','dean@gmail.com','0709691201','NAIROBI','2023-02-16','Dean123,./','Employee'),(11,'1000113','Anne Kiboi','School of Business & Economics','not applicable','Dean','Female','anne@gmail.com','0709003883','NAIROBI','2023-01-26','Dean123,./','Employee'),(12,'1000114','Peter Koross','Faculty of Education','Department of Humanities (History, Geography & Environmental Studies)','Dean','Female','deaneduaction@gmail.com','0709 691301','NAIROBI','2023-01-26','Dean123,./','Employee'),(13,'1000115','George Kimathi Murigi','Faculty of Science','not applicable','Dean','Male','deanscience@gmail.com','0711993333','NAIROBI','2023-06-04','Dean123,./','Employee'),(14,'1000116','Okubatsion Tekeste','School of Nursing','not applicable','Dean','Female','deanschoolnursing@gmail.com','0711993333','NAIROBI','2022-02-04','Dean123,./','Employee'),(15,'1000117','Njeri Kangethe','Faculty of Law','not applicable','Dean','Female','deanoflaw@gmail.com','0711993333','NAIROBI','2022-02-04','Dean123,./','Employee'),(16,'1000118','Fabien Lonema','Faculty of Registrar','not applicable','Registrar','Male','registrar@gmail.com','0711993333','NAIROBI','2023-06-04','Reg123,./','Employee'),(17,'1000119','Everlyn Peter','not applicable','not applicable','Librarian','Male','librarian@gmail.com','0709691201','NAIROBI','2023-06-03','Lib123,./','Employee'),(19,'2000112','Michael Kinyua','Faculty of Science','Department of Computer and Information Science','Hod','Male','michael@gmail.com','0709691201','NAIROBI','2023-06-03','Hod123,./','Employee'),(21,'111222','Eric Philip','Faculty of Finance','not applicable','Finance','Male','eric@gmail.com','0709691201','NAIROBI','2023-01-30','Fin123,./','Employee'),(30,'133333','Eric Philip Collin','Faculty of Theology','Department of First Cycle (Baccalaurete/Bachelor of Theology)','Hod','Male','erice@gmail.com','0709691201','NAIROBI','2023-02-23','Hod123,./','Employee'),(31,'140004','Philip Eric Collin','Faculty of Theology','Department of Biblical Theology','Hod','Male','perice@gmail.com','0709691201','NAIROBI','2023-02-23','Hod123,./','Employee'),(32,'144004','Collin Philip Eric','Faculty of Theology','Department of Dogmatic Theology','Hod','Male','cerice@gmail.com','0709691201','NAIROBI','2023-02-23','Hod123,./','Employee'),(33,'120002','Peter Philip Eric','Faculty of Theology','Department of Moral Theology','Hod','Male','peerice@gmail.com','0709691201','NAIROBI','2023-02-23','Hod123,./','Employee'),(34,'111101','Philip Peter Eric','Faculty of Theology','Department of Pastoral Theology','Hod','Male','ppeerice@gmail.com','0709691201','NAIROBI','2023-02-23','Hod123,./','Employee'),(35,'144404','Eric Philip Peter ','Faculty of Theology','Department of Sacred Liturgy','Hod','Male','eppeerice@gmail.com','0709691201','NAIROBI','2023-02-23','Hod123,./','Employee'),(36,'111112','Paul Philip Peter ','Faculty of Theology','Department of Spiritual Theology','Hod','Male','pppee@gmail.com','0709691201','NAIROBI','2023-02-23','Hod123,./','Employee'),(37,'122002','Peter Paul Philip ','Faculty of Arts & Social Science','Department of Social Sciences and Development Studies','Hod','Male','ppaul@gmail.com','0709691201','NAIROBI','2023-02-23','Hod123,./','Employee'),(38,'122202','Philip Peter Paul ','Faculty of Arts & Social Science','Department of Religious Studies','Hod','Male','pphilip@gmail.com','0709691201','NAIROBI','2023-02-23','Hod123,./','Employee'),(39,'122222','Philip Jamal George','Faculty of Arts & Social Science','Department of Humanities (History, Geography & Environmental Studies)','Hod','Male','gphilip@gmail.com','0709691201','NAIROBI','2023-02-23','Hod123,./','Employee'),(40,'130003','George Philip Jamal ','Faculty of Arts & Social Science','Department of Economics','Hod','Male','gjphilip@gmail.com','0709691201','NAIROBI','2023-02-23','Hod123,./','Employee'),(41,'133003','Jamal George Philip  ','Faculty of Arts & Social Science','Department of Philosophy','Hod','Male','gjamal@gmail.com','0709691201','NAIROBI','2023-02-23','Hod123,./','Employee'),(43,'144444','Jennifer George Philip  ','Faculty of Arts & Social Science','Department of LLC (English and Kiswahili)','Hod','Female','jjp@gmail.com','0709691201','NAIROBI','2023-02-23','Hod123,./','Employee'),(44,'133303','George Micheal Philip  ','Faculty of Arts & Social Science','Department of Counseling Psychology','Hod','Female','gmic@gmail.com','0709691201','NAIROBI','2023-02-23','Hod123,./','Employee'),(45,'103031','Mary Oliver Kamau','Faculty of Commerce','not applicable','Dean','Female','maryo@gmail.com','0709691201','NAIROBI','2023-02-23','Dean123,./','Employee'),(47,'105000','Kane Oliver Kamau','Faculty of Commerce','Department of Accounting and Finance','Hod','Male','kaneo@gmail.com','0709691201','NAIROBI','2023-02-23','Hod123,./','Employee'),(48,'105500','Oliver Kamau','Faculty of Commerce','Department of Marketing and Management','Hod','Male','oliverkamau@gmail.com','0709691201','NAIROBI','2023-02-23','Hod123,./','Employee'),(49,'105550','Kamau Oliver ','Faculty of Commerce','Department of Marketing and Management','Hod','Male','kamauo@gmail.com','0709691201','NAIROBI','2023-02-23','Hod123,./','Employee'),(50,'101001','Chris thuo ','Faculty of Science','Department of Mathematics and Actuarial Science','Hod','Male','christh@gmail.com','0709691201','NAIROBI','2023-02-23','Hod123,./','Employee'),(51,'106699','George Maina Kimathi','Faculty of Law','Department of CONTINUING PROFESSIONAL DEVELOPMENT PROJECTS AND RESEARCH (CUEA CPD)','Hod','Male','gmaina@gmail.com','0711993333','NAIROBI','2023-02-24','Hod123,./','Employee'),(53,'20123344','Jane Jane','School of Business & Economics','Department of Mathematics and Actuarial Science','Hod','Female','jane@gmail.com','1234567890','Jamhuri','2023-03-30','Jane124,./','Employee'),(54,'4526782','Joseph Mungi','Faculty of Science','Department of Natural Sciences','Hod','Male','mungi@gmail.com','0700433186','Kibera Station Roadc218, Jamhuri Estate - Impala Court','2023-05-25','Hod123,./','Employee'),(55,'748584','John Maina','Faculty of Arts & Social Science','not applicable','Dean','Male','jmaina@gmail.com','0111039383','Jamhuri Estate','2023-05-25','Dean123,./','Employee'),(57,'5355353','Test Test','Faculty of Theology','Department of Computer and Information Science','Librarian','Male','tetsts@gmail.com','0700433186','Kibera Station Roadc218, Jamhuri Estate - Impala Court','2023-05-29','Test123,./','Employee');
/*!40000 ALTER TABLE `employees` ENABLE KEYS */;
UNLOCK TABLES;

--
-- Table structure for table `fin_clearance_request`
--

DROP TABLE IF EXISTS `fin_clearance_request`;
/*!40101 SET @saved_cs_client     = @@character_set_client */;
/*!50503 SET character_set_client = utf8mb4 */;
CREATE TABLE `fin_clearance_request` (
  `fin_req_id` int NOT NULL AUTO_INCREMENT,
  `clr_id` int NOT NULL,
  `std_fullnames` varchar(200) NOT NULL,
  `std_regNo` varchar(50) NOT NULL,
  `stdStatus` varchar(50) NOT NULL DEFAULT 'Pending',
  `emp_fullname` varchar(200) DEFAULT NULL,
  `created_at` timestamp NULL DEFAULT CURRENT_TIMESTAMP,
  `updated_at` timestamp NULL DEFAULT CURRENT_TIMESTAMP,
  PRIMARY KEY (`fin_req_id`),
  KEY `clr_id` (`clr_id`),
  CONSTRAINT `fin_clearance_request_ibfk_1` FOREIGN KEY (`clr_id`) REFERENCES `clearance` (`clr_id`) ON DELETE CASCADE ON UPDATE CASCADE
) ENGINE=InnoDB AUTO_INCREMENT=8 DEFAULT CHARSET=utf8mb4 COLLATE=utf8mb4_0900_ai_ci;
/*!40101 SET character_set_client = @saved_cs_client */;

--
-- Dumping data for table `fin_clearance_request`
--

LOCK TABLES `fin_clearance_request` WRITE;
/*!40000 ALTER TABLE `fin_clearance_request` DISABLE KEYS */;
INSERT INTO `fin_clearance_request` VALUES (1,46,'Jane Gilbert Nzioki','1049061','Approved','Eric Philip','2023-05-30 02:20:58','2023-05-30 02:20:58'),(2,41,'Magoba Emmanuel','1041949','Approved','Eric Philip','2023-05-30 02:21:26','2023-05-30 02:21:26'),(3,39,'Alice Gilbert','1533062','Approved','Eric Philip','2023-05-30 02:21:36','2023-05-30 02:21:36'),(4,38,'Peter Magoba Emmanuel','1443941','Approved','Eric Philip','2023-05-30 02:21:46','2023-05-30 02:21:46'),(5,37,'Naimodu Jackson Koileken','1040227','Approved','Eric Philip','2023-05-30 02:21:55','2023-05-30 02:21:55'),(6,36,'Emayot Amoit Caren','1041226','Approved','Eric Philip','2023-05-30 02:22:05','2023-05-30 02:22:05'),(7,30,'Collin Okoth Ochara','1037178','Approved','Eric Philip','2023-05-30 02:22:23','2023-05-30 02:22:23');
/*!40000 ALTER TABLE `fin_clearance_request` ENABLE KEYS */;
UNLOCK TABLES;

--
-- Table structure for table `hod_clearance_request`
--

DROP TABLE IF EXISTS `hod_clearance_request`;
/*!40101 SET @saved_cs_client     = @@character_set_client */;
/*!50503 SET character_set_client = utf8mb4 */;
CREATE TABLE `hod_clearance_request` (
  `hod_req_id` int NOT NULL AUTO_INCREMENT,
  `clr_id` int NOT NULL,
  `std_fullnames` varchar(200) NOT NULL,
  `std_regNo` varchar(50) NOT NULL,
  `stdStatus` varchar(50) NOT NULL DEFAULT 'Pending',
  `emp_fullname` varchar(200) DEFAULT NULL,
  `created_at` timestamp NULL DEFAULT CURRENT_TIMESTAMP,
  `updated_at` timestamp NULL DEFAULT CURRENT_TIMESTAMP ON UPDATE CURRENT_TIMESTAMP,
  PRIMARY KEY (`hod_req_id`),
  KEY `std_regNo` (`std_regNo`),
  KEY `clr_id` (`clr_id`) USING BTREE,
  CONSTRAINT `hod_clearance_request_ibfk_1` FOREIGN KEY (`clr_id`) REFERENCES `clearance` (`clr_id`) ON DELETE CASCADE ON UPDATE CASCADE
) ENGINE=InnoDB AUTO_INCREMENT=61 DEFAULT CHARSET=utf8mb4 COLLATE=utf8mb4_0900_ai_ci;
/*!40101 SET character_set_client = @saved_cs_client */;

--
-- Dumping data for table `hod_clearance_request`
--

LOCK TABLES `hod_clearance_request` WRITE;
/*!40000 ALTER TABLE `hod_clearance_request` DISABLE KEYS */;
INSERT INTO `hod_clearance_request` VALUES (44,30,'Collin Okoth Ochara','1037178','Approved','Edward Chris','2023-02-23 14:02:06','2023-02-23 14:13:45'),(47,33,'Mwiyathi Dammaris Mwasya','1036644',' Approved ','George Philip Jamal ','2023-02-23 14:05:33','2023-05-24 23:02:41'),(48,34,'Peter Magoba Emmanuel','1441942',' Approved ','Chris thuo ','2023-02-23 14:06:55','2023-05-24 21:09:03'),(49,35,'Alice Gilbert','1539062',' Approved ','Chris thuo ','2023-02-23 14:08:03','2023-05-24 21:03:36'),(50,36,'Emayot Amoit Caren','1041226','Approved','Edward Chris','2023-02-23 14:10:57','2023-02-23 14:13:20'),(51,37,'Naimodu Jackson Koileken','1040227','Approved','Edward Chris','2023-02-23 14:11:50','2023-02-26 12:26:15'),(52,38,'Peter Magoba Emmanuel','1443941','Approved','George Maina Kimathi','2023-02-24 06:33:05','2023-02-24 06:37:46'),(53,39,'Alice Gilbert','1533062','Approved','George Maina Kimathi','2023-02-24 06:34:28','2023-02-24 06:37:28'),(55,41,'Magoba Emmanuel','1041949',' Approved ','Edward Chris','2023-02-26 09:54:18','2023-05-29 07:14:07'),(56,42,'Kevin John Mangaa','1743031','Pending',NULL,'2023-04-09 16:43:29','2023-04-09 16:43:29'),(58,44,'Christina kejgon','1078367','Pending',NULL,'2023-04-27 09:31:41','2023-04-27 09:31:41'),(60,46,'Jane Gilbert Nzioki','1049061',' Approved ','George Philip Jamal ','2023-05-24 23:00:16','2023-05-24 23:02:34');
/*!40000 ALTER TABLE `hod_clearance_request` ENABLE KEYS */;
UNLOCK TABLES;

--
-- Table structure for table `library_clearance_request`
--

DROP TABLE IF EXISTS `library_clearance_request`;
/*!40101 SET @saved_cs_client     = @@character_set_client */;
/*!50503 SET character_set_client = utf8mb4 */;
CREATE TABLE `library_clearance_request` (
  `lib_req_id` int NOT NULL AUTO_INCREMENT,
  `clr_id` int NOT NULL,
  `std_fullnames` varchar(200) NOT NULL,
  `std_regNo` varchar(50) NOT NULL,
  `stdStatus` enum('Pending','Approved','Rejected') NOT NULL DEFAULT 'Pending',
  `emp_fullname` varchar(200) DEFAULT NULL,
  `created_at` timestamp NULL DEFAULT CURRENT_TIMESTAMP,
  `updated_at` timestamp NULL DEFAULT CURRENT_TIMESTAMP ON UPDATE CURRENT_TIMESTAMP,
  PRIMARY KEY (`lib_req_id`),
  KEY `clr_id` (`clr_id`),
  CONSTRAINT `library_clearance_request_ibfk_1` FOREIGN KEY (`clr_id`) REFERENCES `clearance` (`clr_id`) ON DELETE CASCADE ON UPDATE CASCADE
) ENGINE=InnoDB AUTO_INCREMENT=44 DEFAULT CHARSET=utf8mb4 COLLATE=utf8mb4_0900_ai_ci;
/*!40101 SET character_set_client = @saved_cs_client */;

--
-- Dumping data for table `library_clearance_request`
--

LOCK TABLES `library_clearance_request` WRITE;
/*!40000 ALTER TABLE `library_clearance_request` DISABLE KEYS */;
INSERT INTO `library_clearance_request` VALUES (27,30,'Collin Okoth Ochara','1037178','Approved','Everlyn Anduvare','2023-02-23 14:02:06','2023-02-23 14:17:43'),(30,33,'Mwiyathi Dammaris Mwasya','1036644','Pending',NULL,'2023-02-23 14:05:33','2023-02-23 14:05:33'),(31,34,'Peter Magoba Emmanuel','1441942','Pending',NULL,'2023-02-23 14:06:55','2023-02-23 14:06:55'),(32,35,'Alice Gilbert','1539062','Pending',NULL,'2023-02-23 14:08:03','2023-02-23 14:08:03'),(33,36,'Emayot Amoit Caren','1041226','Approved','Everlyn Anduvare','2023-02-23 14:10:57','2023-02-23 14:16:24'),(34,37,'Naimodu Jackson Koileken','1040227','Approved','Everlyn Anduvare','2023-02-23 14:11:50','2023-02-23 14:16:07'),(35,38,'Peter Magoba Emmanuel','1443941','Approved','Everlyn Anduvare','2023-02-24 06:33:05','2023-02-24 07:01:13'),(36,39,'Alice Gilbert','1533062','Approved','Everlyn Anduvare','2023-02-24 06:34:28','2023-02-24 07:00:54'),(38,41,'Magoba Emmanuel','1041949','Approved','Everlyn Anduvare','2023-02-26 09:54:18','2023-02-26 13:15:20'),(39,42,'Kevin John Mangaa','1743031','Pending',NULL,'2023-04-09 16:43:29','2023-04-09 16:43:29'),(41,44,'Christina kejgon','1078367','Pending',NULL,'2023-04-27 09:31:41','2023-04-27 09:31:41'),(43,46,'Jane Gilbert Nzioki','1049061','Approved','Everlyn Anduvare','2023-05-24 23:00:16','2023-05-30 01:16:51');
/*!40000 ALTER TABLE `library_clearance_request` ENABLE KEYS */;
UNLOCK TABLES;

--
-- Table structure for table `login_logs`
--

DROP TABLE IF EXISTS `login_logs`;
/*!40101 SET @saved_cs_client     = @@character_set_client */;
/*!50503 SET character_set_client = utf8mb4 */;
CREATE TABLE `login_logs` (
  `login_id` int NOT NULL AUTO_INCREMENT,
  `session_id` varchar(100) NOT NULL,
  `username` varchar(255) DEFAULT NULL,
  `fullname` varchar(255) DEFAULT NULL,
  `role` varchar(10) DEFAULT NULL,
  `position` varchar(10) DEFAULT NULL,
  `loginTime` timestamp NOT NULL DEFAULT CURRENT_TIMESTAMP,
  `logoutTime` timestamp NULL DEFAULT NULL,
  PRIMARY KEY (`login_id`),
  UNIQUE KEY `session_id` (`session_id`)
) ENGINE=InnoDB AUTO_INCREMENT=352 DEFAULT CHARSET=utf8mb4 COLLATE=utf8mb4_0900_ai_ci;
/*!40101 SET character_set_client = @saved_cs_client */;

--
-- Dumping data for table `login_logs`
--

LOCK TABLES `login_logs` WRITE;
/*!40000 ALTER TABLE `login_logs` DISABLE KEYS */;
INSERT INTO `login_logs` VALUES (1,'j61hg82e2h6dbvcb3c3209pb3n','2023023','Alex Ken','Student','Admin','2023-02-03 10:52:39','2023-02-03 12:57:55'),(2,'1lv86rjdpaf6eptdbbnb8u479f','000001','Admin Admin','Admin','Admin','2023-02-03 12:58:12','2023-02-03 13:02:35'),(3,'29e7o1c6u6la76hq93kjc0rpc9','200023','Christina James','Employee','Librarian','2023-02-03 13:02:46','2023-02-03 13:03:03'),(4,'kg5frpa6nqcvuc6f24s9iq984d','2023','John Doe','Employee','Hod','2023-02-03 13:03:19','2023-02-03 19:06:07'),(5,'a7keb4th1j8826jl2globb4s97','1020276','John Doe','Student','Student','2023-02-03 19:07:46','2023-02-03 19:09:42'),(6,'dqtnhbab48tbojlhdn6orbopk3','000001','Admin Admin','Admin','Admin','2023-02-03 19:10:15','2023-02-03 19:11:39'),(7,'uubulm18ktmrb31691ubku0j5e','2023','John Doe','Employee','Hod','2023-02-03 19:12:06','2023-02-03 19:17:44'),(8,'j3pafuj5i5p9dhuhsvta46cmoh','2023023','Alex Ken','Student','Student','2023-02-03 19:22:06','2023-02-03 21:03:33'),(9,'c22rkghuns9og0npu3hre5ngnh','2023','John Doe','Employee','Hod','2023-02-03 21:03:53','2023-02-03 21:18:49'),(10,'9bnvl0nfcut2lc6534dkb5oegd','2000002','Peter Joshua','Student','Student','2023-02-03 21:19:03','2023-02-03 21:19:31'),(11,'gh4fkgagktjmq5tghvp0itabin','2000002','Peter Joshua','Student','Student','2023-02-03 21:27:44','2023-02-03 21:41:09'),(12,'1a97662js0lh8176kpu8pckj75','2023','John Doe','Employee','Hod','2023-02-03 21:41:30','2023-02-04 11:10:33'),(13,'thee9n3jc10i8ce4rlcf5hno2c','2023023','Alex Ken','Student','Student','2023-02-04 11:11:10','2023-02-04 11:13:06'),(14,'vndu1pdvfg72dagd8f8tnb12uu','2023','John Doe','Employee','Hod','2023-02-04 11:13:19','2023-02-04 12:45:55'),(15,'lo9qeqpdo99amf9inc1lqsl9ij','2023','John Doe','Employee','Hod','2023-02-04 12:46:34','2023-02-04 14:00:31'),(16,'vcgrf73p3tocpeis8uakoceebt','000001','Admin Admin','Admin','Admin','2023-02-04 14:00:46','2023-02-04 14:01:17'),(17,'qn17r29b033fpf7jkdirbbkcg0','200023','Christina James','Employee','Librarian','2023-02-04 14:02:16','2023-02-04 14:02:24'),(18,'rh0lrrnkvkuv5fj85ebi84aonm','2000002','Peter Joshua','Student','Student','2023-02-04 14:04:21','2023-02-04 14:05:02'),(19,'mjs5gu836fu6rvpe0m8m3vv2ou','2023','John Doe','Employee','Hod','2023-02-04 14:05:17','2023-02-04 14:46:47'),(20,'v9oo0b0vnu2iobv7ebts73ub7f','2000002','Peter Joshua','Student','Student','2023-02-04 14:47:05','2023-02-04 15:04:16'),(21,'dk4onpp6j26gcs4qh4kod2rp40','2000002','Peter Joshua','Student','Student','2023-02-04 15:05:42','2023-02-04 15:05:47'),(22,'oqbtjtpi364ebscl1ekqdcefee','2023','John Doe','Employee','Hod','2023-02-04 15:06:01','2023-02-05 08:16:26'),(23,'bgr12uela7cf4oiko3q5hqoirq','2023023','Alex Ken','Student','Student','2023-02-05 08:17:06','2023-02-05 08:17:31'),(24,'f7f0cgmjiq1m63qtil0t75j6hk','2023','John Doe','Employee','Hod','2023-02-05 08:18:25','2023-02-05 10:09:02'),(25,'2l4rlo8smdbv3q122f0i9t3mre','200023','Christina James','Employee','Librarian','2023-02-05 10:09:16','2023-02-05 10:58:23'),(26,'26hpth1vcj9lc584k7vfb725jd','2023','John Doe','Employee','Hod','2023-02-05 10:58:45','2023-02-05 11:35:36'),(27,'vtq1b7grhbfsmi3abhb0qar7no','2023023','Alex Ken','Student','Student','2023-02-05 11:35:59','2023-02-05 11:36:19'),(28,'rkg08n4r0ba56sl3frjnn4ljrh','200023','Christina James','Employee','Librarian','2023-02-05 11:36:31','2023-02-05 12:00:31'),(29,'ao8lnk070iaip5rta43mujbhos','2023','John Doe','Employee','Hod','2023-02-05 12:00:44','2023-02-05 12:01:07'),(30,'p9d998iodnqlf993f7bkh1o9t0','200023','Christina James','Employee','Librarian','2023-02-05 12:01:17','2023-02-05 13:03:29'),(31,'u9d4o5g7007vjrs2a2mb5n7tc6','2023','John Doe','Employee','Hod','2023-02-05 13:03:41','2023-02-05 13:04:09'),(32,'gcauud02hpo15r9ededt9lacse','200023','Christina James','Employee','Librarian','2023-02-05 13:04:17','2023-02-05 16:57:31'),(33,'l3jmhc91qn7i4j3nvjkkja4ra3','000001','Admin Admin','Admin','Admin','2023-02-05 16:57:49','2023-02-05 17:50:23'),(34,'f3950gncph8ca1to0qr6rut7ib','2000222','Charles Paul','Employee','Dean','2023-02-05 17:50:42','2023-02-05 18:26:23'),(35,'tuf2g44vrpvghk7bjl83sougs3','000001','Admin Admin','Admin','Admin','2023-02-05 18:26:38','2023-02-05 18:52:51'),(36,'a5uogo1g3evaej8qa9o54pkppf','111222','Eric Philip','Employee','Finance','2023-02-05 18:53:10','2023-02-05 18:57:16'),(37,'co9418f1jpa689v0lap2h69pdu','2121212','Sarah John','Employee','Registrar','2023-02-05 18:57:49','2023-02-05 19:10:20'),(38,'adc3j4lr8ccregkia254qr9nor','111222','Eric Philip','Employee','Finance','2023-02-05 19:12:19','2023-02-05 19:49:45'),(39,'mbgot8qr6aks69dm0ds5akgdk1','2121212','Sarah John','Employee','Registrar','2023-02-05 19:50:34','2023-02-05 19:50:55'),(40,'buhbf9psfuf1m64eom71606hln','000001','Admin Admin','Admin','Admin','2023-02-06 10:18:42','2023-02-06 18:47:10'),(41,'6k90ktcgqlel4scaksskd55088','000001','Admin Admin','Admin','Admin','2023-02-06 18:52:40','2023-02-06 18:53:59'),(42,'h2cgisodhhqai7mo05e0ms2go8','1037178','Collin Okoth Ochara','Student','Student','2023-02-06 18:55:49','2023-02-06 18:58:38'),(43,'ks2r0k5hgd7nho9mko4073nnh8','2000112','Edward Chris','Employee','Hod','2023-02-06 19:00:50','2023-02-06 19:10:30'),(44,'5p9at4u14ipies035ufn950m8m','1000115','George Kimathi','Employee','Dean','2023-02-06 19:11:00','2023-02-06 22:01:59'),(45,'pu2ih822lu65rtpcjc3d4fr9ef','1037178','Collin Okoth Ochara','Student','Student','2023-02-06 22:02:16','2023-02-06 22:26:53'),(46,'h3gvlenisikmulmliouklmr10m','1031032','Kevin John Mangaa','Student','Student','2023-02-06 22:27:07','2023-02-07 09:20:18'),(47,'3jhkvhogd9cnpkprenmfh0age0','1037178','Collin Okoth Ochara','Student','Student','2023-02-07 09:20:34',NULL),(48,'o29ji2erbo0dlspveggfsh4hmm','1037178','Collin Okoth Ochara','Student','Student','2023-02-08 08:28:16','2023-02-08 08:31:17'),(49,'kvc7k91avlppniu05p651amf22','2000112','Edward Chris','Employee','Hod','2023-02-08 08:31:51','2023-02-08 08:33:23'),(50,'rkp2u6adl3up5k2jamb4vfts3e','1037178','Collin Okoth Ochara','Student','Student','2023-02-08 08:33:43','2023-02-08 08:34:08'),(51,'it5bj7n3umns37heuhe3bv8bcq','000001','Admin Admin','Admin','Admin','2023-02-12 16:24:12','2023-02-12 16:29:18'),(52,'miphp3lk3aa6nbmkkbs5ltrpcc','000001','Admin Admin','Admin','Admin','2023-02-12 16:29:30','2023-02-13 08:56:49'),(53,'tv09gq90kiq3vui1ffpid4m8af','1000118','Fabien Lonema','Employee','Registrar','2023-02-13 09:02:15','2023-02-13 09:34:09'),(54,'8b1rv5h6d3olf68ihb47kd9cnh','1037178','Collin Okoth Ochara','Student','Student','2023-02-13 09:35:04','2023-02-13 12:41:35'),(55,'kjs1eu2aj8o23hco5g5saf5dvs','2000112','Edward Chris','Employee','Hod','2023-02-13 12:42:24','2023-02-13 13:03:03'),(56,'tcfh5dft4cr4gma80jhe97sno1','1037178','Collin Okoth Ochara','Student','Student','2023-02-13 21:18:44','2023-02-13 23:18:08'),(57,'bihfp7rc1t8i4kr41j045dnahj','2000112','Edward Chris','Employee','Hod','2023-02-13 23:18:25','2023-02-13 23:54:41'),(58,'25cdrbni63pb9fo3v0d7q0ud9p','000001','Admin Admin','Admin','Admin','2023-02-15 12:36:41','2023-02-15 12:42:38'),(59,'bt83gm284ssbmlovq9vcn5utpo','223344','Joseph peter kane','Student','Student','2023-02-15 12:43:24','2023-02-15 13:38:18'),(60,'9b6ldhd1im5aafo7vsee00ocnb','2000112','Edward Chris','Employee','Hod','2023-02-15 13:38:50','2023-02-15 19:35:31'),(61,'uafedt90tsoqjbuhf19n10v8co','2000112','Edward Chris','Employee','Hod','2023-02-15 19:35:54','2023-02-15 19:39:27'),(62,'bg248ivdcpfpm5nf1htlabj36u','2000113','Elizabath Nduku','Employee','Hod','2023-02-15 19:39:40','2023-02-15 19:56:54'),(63,'atir3o0077upvio8ckjd6e902j','1037178','Collin Okoth Ochara','Student','Student','2023-02-15 19:57:49','2023-02-15 19:58:34'),(64,'vg8gush3scb1ifnljajaiq25e1','2000112','Edward Chris','Employee','Hod','2023-02-15 19:58:51','2023-02-15 20:04:38'),(65,'136vmfo7qll1q87ccm71e8kd2h','2000113','Elizabath Nduku','Employee','Hod','2023-02-15 20:05:20','2023-02-15 21:07:07'),(66,'re2dikgvqj907eaeoqlr386n7d','000001','Admin Admin','Admin','Admin','2023-02-15 21:07:24','2023-02-15 21:10:43'),(67,'8lf9polkevcsn515bh22jk5fod','11120022','Charles Jimmy Kim','Student','Student','2023-02-15 21:10:57','2023-02-15 21:12:13'),(68,'7add7ufqg3vemc5unipp4q9hmr','2000113','Elizabath Nduku','Employee','Hod','2023-02-15 21:12:55','2023-02-15 21:16:59'),(69,'0odeiu34laps6mot2cq14eqm3u','1223344','Joseph peter kane','Student','Student','2023-02-15 21:18:05','2023-02-15 21:18:29'),(70,'25sru8f89nnntr801ltsrp8kc5','11120022','Charles Jimmy Kim','Student','Student','2023-02-15 21:19:57','2023-02-15 21:20:22'),(71,'k24kh2oomgguof118kqjsgjrf8','2000112','Edward Chris','Employee','Hod','2023-02-15 21:20:56','2023-02-15 21:21:09'),(72,'1v9b6b4e7483a2nert57je4r36','2000113','Elizabath Nduku','Employee','Hod','2023-02-15 21:21:21','2023-02-16 08:38:41'),(73,'q0m1ts8s34nvk30ep9e959i3ri','000001','Admin Admin','Admin','Admin','2023-02-16 08:38:54','2023-02-16 15:49:34'),(74,'33m0a6aps98muevbtqudt1sivn','1037178','Collin Okoth Ochara','Student','Student','2023-02-16 15:49:50','2023-02-17 10:32:56'),(75,'fi42d7em7a21r4af03u70b6qnp','2000112','Edward Chris','Employee','Hod','2023-02-17 10:34:10','2023-02-18 18:05:45'),(76,'cntg7p5fsn8crj0fth1lgtgcv1','1037178','Collin Okoth Ochara','Student','Student','2023-02-18 07:02:44','2023-02-18 22:37:26'),(77,'5g2clfe6vqf53to3bois46blqo','1000119','Everlyn Anduvare','Employee','Librarian','2023-02-18 18:05:55','2023-02-18 18:11:30'),(78,'djbcooidirh9b8ph38big8cbkc','1000115','George Kimathi','Employee','Dean','2023-02-18 18:11:41','2023-02-18 18:31:50'),(79,'gq20jnpmfr60ofs4b5b29hndpq','1000118','Fabien Lonema','Employee','Registrar','2023-02-18 18:32:00','2023-02-18 19:11:00'),(80,'ao94j98e07bfit7a6gcrundc5l','111222','Eric Philip','Employee','Finance','2023-02-18 19:11:54','2023-02-18 22:27:57'),(81,'c8aut65h38ianacmh2bivsnmcg','000001','Admin Admin','Admin','Admin','2023-02-18 22:36:01','2023-02-19 05:28:07'),(82,'umihmn133hf5do8tu31efsj6fr','1037178','Collin Okoth Ochara','Student','Student','2023-02-22 11:44:14','2023-02-22 13:15:15'),(83,'4pd83402q79n4di4kn7gpi8dp4','1000118','Fabien Lonema','Employee','Registrar','2023-02-22 13:15:43','2023-02-22 17:50:31'),(84,'d3ivhtpn5e9mbvssvf8njcm9io','000001','Admin Admin','Admin','Admin','2023-02-22 17:50:45','2023-02-22 18:00:45'),(85,'p8s0p769d49gj3re519lbe7i7h','1037156','Matlida Adhiambo','Student','Student','2023-02-22 18:02:43','2023-02-22 18:05:02'),(86,'dnecit5bo25g1089gn3ooosfg2','2000112','Edward Chris','Employee','Hod','2023-02-22 18:05:56','2023-02-22 18:11:28'),(87,'tuhftgsgl73ea59de0u7vtvto4','1037156','Matlida Adhiambo','Student','Student','2023-02-22 18:10:22','2023-02-22 23:37:30'),(88,'e7lda22bjhqtfsphca7vtvmfq2','000001','Admin Admin','Admin','Admin','2023-02-22 21:38:42','2023-02-22 23:58:46'),(89,'a3a10ekod5lvqk2s0ujtmhiiep','1037178','Collin Okoth Ochara','Student','Student','2023-02-23 11:52:53',NULL),(90,'9bngrcpbc6palhfsp6nh3sj75t','1037178','Collin Okoth Ochara','Student','Student','2023-02-23 11:54:38','2023-02-23 11:56:38'),(91,'dtvgfig22tlhepgvvh28l8qunm','1000118','Fabien Lonema','Employee','Registrar','2023-02-23 11:59:00',NULL),(92,'8qp58mlceadnt5ll9khm2dl69n','1047178','Okoth Collin Ochara','Student','Student','2023-02-23 12:52:05','2023-02-23 12:56:21'),(93,'65g0k8f98j7k1p2g5bjvff67r5','130003','George Philip Jamal ','Employee','Hod','2023-02-23 12:56:57','2023-02-23 13:09:43'),(94,'d28096gn91jpqdl1qjflht0k0b','000001','Admin Admin','Admin','Admin','2023-02-23 13:49:12','2023-02-23 13:58:34'),(95,'fel85m03akmn59osi6n8th1m1t','1223661','JacksonNaimodu Koileken','Student','Student','2023-02-23 13:59:20','2023-02-23 13:59:53'),(96,'2np0n3c486v3k9c8s9jbiis59g','1943201','Caren Emayot Amoit','Student','Student','2023-02-23 14:00:44','2023-02-23 14:01:38'),(97,'c9ehq54c5584r3227d8f57jf60','1037178','Collin Okoth Ochara','Student','Student','2023-02-23 14:01:52','2023-02-23 14:02:37'),(98,'o842329eqsec1krfjr2uh6aiq7','1046644','Dammaris Mwiyathi Mwasya','Student','Student','2023-02-23 14:03:10','2023-02-23 14:03:31'),(99,'e804b8c6vo588r2nqk5s803gag','1047178','Okoth Collin Ochara','Student','Student','2023-02-23 14:04:18','2023-02-23 14:04:58'),(100,'4r4rd4qf9eemvs8brim260mv15','1036644','Mwiyathi Dammaris Mwasya','Student','Student','2023-02-23 14:05:20','2023-02-23 14:06:08'),(101,'31cgjvkipkrs415ovoh645bsaa','1441942','Peter Magoba Emmanuel','Student','Student','2023-02-23 14:06:41','2023-02-23 14:07:02'),(102,'kg41dj0677sn3ru4avli93lige','1539062','Alice Gilbert','Student','Student','2023-02-23 14:07:39','2023-02-23 14:08:45'),(103,'4d3v9rmcb8sm5f2nf4b1tk3c0g','2000112','Edward Chris','Employee','Hod','2023-02-23 14:09:03','2023-02-23 14:09:52'),(104,'riklmh0rtscf4bsab7k74d3oak','1041226','Emayot Amoit Caren','Student','Student','2023-02-23 14:10:27','2023-02-23 14:11:00'),(105,'63bno5dkoji42u59rlh8kl77sc','1040227','Naimodu Jackson Koileken','Student','Student','2023-02-23 14:11:34','2023-02-23 14:11:53'),(106,'kfg9rgi5kmvg66977rdq91di3t','2000112','Edward Chris','Employee','Hod','2023-02-23 14:12:11','2023-02-23 14:13:48'),(107,'t9iansud2u5maljs6b6tor4v9o','1000119','Everlyn Anduvare','Employee','Librarian','2023-02-23 14:14:22','2023-02-23 14:18:00'),(108,'49t6ha83ejt4ichkr569e9hd81','1000115','George Kimathi','Employee','Dean','2023-02-23 14:18:36','2023-02-23 14:20:11'),(109,'jbddfl61t808kujimrd3ji2be2','1000118','Fabien Lonema','Employee','Registrar','2023-02-23 14:20:48','2023-02-23 14:21:56'),(110,'foq6qc0gbvhgp7ququrdlu6hus','111222','Eric Philip','Employee','Finance','2023-02-23 14:22:26','2023-02-23 14:23:08'),(111,'7lkv0tgtbgfrf38fsbi0i465a2','1000118','Fabien Lonema','Employee','Registrar','2023-02-23 14:23:42',NULL),(112,'85b51sr6bhius4pekc7c5pg2p0','1000118','Fabien Lonema','Employee','Registrar','2023-02-23 14:23:42','2023-02-23 20:35:52'),(113,'eugja7o9mnnkuc45pjlc2lcm5f','000001','Admin Admin','Admin','Admin','2023-02-24 05:58:05','2023-02-24 06:14:34'),(114,'e9eqero47asc1egfuloqrn3ovb','000001','Admin Admin','Admin','Admin','2023-02-24 06:22:05','2023-02-24 06:31:24'),(115,'fohlkcu360s6fnqdv8sotgnom4','1443941','Peter Magoba Emmanuel','Student','Student','2023-02-24 06:32:21','2023-02-24 06:33:16'),(116,'6radbirsitu9mceqtpfa5n5etf','1533062','Alice Gilbert','Student','Student','2023-02-24 06:34:10','2023-02-24 06:34:33'),(117,'82mbm2nubjfatp3kemjob3mfb9','106699','George Maina Kimathi','Employee','Hod','2023-02-24 06:35:55','2023-02-24 06:38:28'),(118,'skhtrc7u7tnuoms8ri48bgg2ck','1000119','Everlyn Anduvare','Employee','Librarian','2023-02-24 06:40:30','2023-02-24 07:01:36'),(119,'hotdc3ste771g0rddbv9643a9d','1000117','Njeri Kangethe','Employee','Dean','2023-02-24 07:04:45','2023-02-24 07:05:55'),(120,'qv6qnpgcqiqors9rhbtvd8l7dk','1000118','Fabien Lonema','Employee','Registrar','2023-02-24 07:06:43','2023-02-24 07:07:49'),(121,'7l4pu8g1in4pl5i7di3jmodn2s','111222','Eric Philip','Employee','Finance','2023-02-24 07:10:54','2023-02-24 07:11:25'),(122,'rvl7q1gv8inukdla8phkn8p345','1000118','Fabien Lonema','Employee','Registrar','2023-02-24 07:11:38','2023-02-24 07:59:56'),(123,'o1h2v0gvg18p6f5a5ov8iipkde','1037178','Collin Okoth Ochara','Student','Student','2023-02-24 08:02:29','2023-02-24 08:05:10'),(124,'513kcq2efkcu2uuv7008r75aa7','2000112','Edward Chris','Employee','Hod','2023-02-24 08:07:52','2023-02-24 08:17:23'),(125,'s02is40nb429kessq7dncqqv1n','000001','Admin Admin','Admin','Admin','2023-02-24 09:57:47','2023-02-24 10:17:25'),(126,'lhceb59nuq2m9k2bfjegg11bcv','1000118','Fabien Lonema','Employee','Registrar','2023-02-24 10:18:26','2023-02-24 10:35:10'),(127,'pv8beq09v6mp7lp325ab0ho69c','000001','Admin Admin','Admin','Admin','2023-02-24 10:45:52','2023-02-24 10:46:13'),(128,'g8v2b218phluhjtee32ve1c9c2','1000118','Fabien Lonema','Employee','Registrar','2023-02-26 09:22:24','2023-02-26 09:38:58'),(129,'bcdtbkbhvqiq8g8uhjvdkj2ie9','1041949','Magoba Emmanuel','Student','Student','2023-02-26 09:39:41','2023-02-26 10:26:00'),(130,'lgkmug8mfq0pgpnbsbkgiqnh9i','1037178','Collin Okoth Ochara','Student','Student','2023-02-26 10:26:29','2023-02-26 11:14:02'),(131,'7c5u1121h6gf2f55a5kgjb53pb','2000112','Edward Chris','Employee','Hod','2023-02-26 11:29:23','2023-02-26 13:13:50'),(132,'5r3c6bplg16ea1g5it2cs17s57','1000119','Everlyn Anduvare','Employee','Librarian','2023-02-26 13:14:18','2023-02-26 13:15:28'),(133,'ga1tsd8n01fh94p7lait6d23rq','1000115','George Kimathi','Employee','Dean','2023-02-26 13:18:07','2023-02-26 13:24:28'),(134,'dugvf3upbndqrlkute9frfup5c','1000118','Fabien Lonema','Employee','Registrar','2023-02-26 13:24:44','2023-02-26 13:32:19'),(135,'n5lqtlqaocp4ou2p3e8gacec9v','2000112','Edward Chris','Employee','Hod','2023-02-26 13:32:43','2023-02-26 13:35:18'),(136,'6d7jetumpnp75aap3tdtlum5dh','1000118','Fabien Lonema','Employee','Registrar','2023-02-26 13:35:34','2023-02-26 13:35:58'),(137,'cm892v3e6pjvetibis9lakn2ka','1041949','Magoba Emmanuel','Student','Student','2023-02-26 13:36:28','2023-02-26 13:37:20'),(138,'2pig4ri0cpoupq0hfjh3hdckr0','1000118','Fabien Lonema','Employee','Registrar','2023-02-26 13:37:34','2023-02-26 13:39:14'),(139,'7addi34q5af1ib0rqajpo1oa2q','1000115','George Kimathi','Employee','Dean','2023-02-26 13:39:32','2023-02-26 13:39:54'),(140,'lpqc2kug3dboiolov20a1p4o6g','1000118','Fabien Lonema','Employee','Registrar','2023-02-26 13:40:15','2023-02-26 13:40:27'),(141,'vicqt6lp8vacu19mgmv1qntptb','1041949','Magoba Emmanuel','Student','Student','2023-02-26 13:41:04','2023-02-26 13:47:04'),(142,'f3m5i5tnakn3a5kso61la8di3n','111222','Eric Philip','Employee','Finance','2023-02-26 13:47:22','2023-02-26 13:51:49'),(143,'cu5cti1r087fo47e5l22irdlj7','1041949','Magoba Emmanuel','Student','Student','2023-02-26 13:52:12','2023-02-26 13:59:15'),(144,'lqfs1667gvetc87jp8jmvi5av5','1000118','Fabien Lonema','Employee','Registrar','2023-02-26 13:59:38',NULL),(145,'ch7c2hasi77ikm5t4n7eevm3ch','1000118','Fabien Lonema','Employee','Registrar','2023-02-26 23:18:32',NULL),(146,'1tp134jbrka1kfjtiihvl073f2','1000118','Fabien Lonema','Employee','Registrar','2023-02-27 10:16:30','2023-02-27 10:45:09'),(147,'j8039e1db4a3qlglmfap112p38','1037178','Collin Okoth Ochara','Student','Student','2023-02-28 13:00:07','2023-02-28 20:23:57'),(148,'9f9a6ltuojgic4auscfe348jn9','2000112','Edward Chris','Employee','Hod','2023-02-28 20:24:37','2023-02-28 20:32:23'),(149,'4forlkvcjhcafq4fr1c9b6r39f','000001','Admin Admin','Admin','Admin','2023-02-28 20:32:39','2023-03-01 09:21:24'),(150,'k8sk701f9o2bokpkutcd4maept','000001','Admin Admin','Admin','Admin','2023-03-01 09:29:50','2023-03-01 09:38:00'),(151,'180572ib0hnratqkh0oa2imocs','1037178','Collin Okoth Ochara','Student','Student','2023-03-01 09:42:21','2023-03-01 10:09:21'),(152,'rvqq79l22qo847pgv9e0aea0qk','1037178','Collin Okoth Ochara','Student','Student','2023-03-01 10:09:39','2023-03-01 10:22:48'),(153,'n3sitvnpmjspg597opr2ok0ki6','1000118','Fabien Lonema','Employee','Registrar','2023-03-01 10:25:35','2023-03-01 10:27:47'),(154,'9rai30blq6qobfopu57do8t51e','000001','Admin Admin','Admin','Admin','2023-03-01 10:28:17','2023-03-01 10:30:20'),(155,'66jtahrhjuk40jge63ber866mp','2000112','Edward Chris','Employee','Hod','2023-03-01 21:27:34','2023-03-01 22:01:40'),(156,'jr3f7l7q58iopp8vpnllf7mpil','2000112','Edward Chris','Employee','Hod','2023-03-01 22:02:57','2023-03-04 13:58:57'),(157,'tp14h682iuj08c3svhsr9g7ibm','000001','Admin Admin','Admin','Admin','2023-03-04 15:02:33','2023-03-04 18:11:41'),(158,'edulf04u7foijdea7ov2kt1nfn','1037178','Collin Okoth Ochara','Student','Student','2023-03-04 22:02:21',NULL),(159,'8v6fg1fjm12cn8274jrdnfbgqg','000001','Admin Admin','Admin','Admin','2023-03-04 22:03:27',NULL),(160,'1mrdq0js8kq10s5v6f82ohrh7k','000001','Admin Admin','Admin','Admin','2023-03-04 22:06:48','2023-03-04 22:06:58'),(161,'o6d3bk6j7186db08p3ei22dqf4','1037178','Collin Okoth Ochara','Student','Student','2023-03-04 22:07:14',NULL),(162,'kk9ed0n8ff9i07vllchm0sed4k','000001','Admin Admin','Admin','Admin','2023-03-05 08:23:42',NULL),(163,'hvt4jv80b9mgggv961cis2jqc5','000001','Admin Admin','Admin','Admin','2023-03-05 08:23:43',NULL),(164,'ltto4d24drjjgirnolkmre3hrv','000001','Admin Admin','Admin','Admin','2023-03-05 08:23:43',NULL),(165,'pf82159c3hckkmrmkjvlncnhap','000001','Admin Admin','Admin','Admin','2023-03-05 08:23:43',NULL),(166,'peiu8l83mslfcvbs8fgis7rsdp','000001','Admin Admin','Admin','Admin','2023-03-05 08:23:43',NULL),(167,'6tomk7vd223ue0455v33doql9q','000001','Admin Admin','Admin','Admin','2023-03-05 08:59:03',NULL),(168,'5lh5b7dmiqe734cvtsrohela9k','000001','Admin Admin','Admin','Admin','2023-03-05 08:59:04',NULL),(169,'aludbqun42evbg2l1a402olbo5','000001','Admin Admin','Admin','Admin','2023-03-05 08:59:04',NULL),(170,'snp9k4d1nutfisahaslsu3na87','000001','Admin Admin','Admin','Admin','2023-03-05 08:59:05',NULL),(171,'ahjf0aic5iebao4bk3ahhddivm','000001','Admin Admin','Admin','Admin','2023-03-05 08:59:05',NULL),(172,'tu4khuo8nl7p1dbpjesita0hbd','000001','Admin Admin','Admin','Admin','2023-03-05 08:59:05',NULL),(173,'usnmdm4np5f351h3tgjumv9o62','000001','Admin Admin','Admin','Admin','2023-03-05 08:59:05',NULL),(174,'qmv9ibqrqdbuv2124bfih4fukn','000001','Admin Admin','Admin','Admin','2023-03-05 08:59:06',NULL),(175,'mjv2f1j4pc40g74n08iap4c8ot','000001','Admin Admin','Admin','Admin','2023-03-05 08:59:06',NULL),(176,'93usa6qvsge2bqjh7uq955ctl2','000001','Admin Admin','Admin','Admin','2023-03-05 08:59:06',NULL),(177,'79pc2hpf8lavs3pnov75q09lgk','000001','Admin Admin','Admin','Admin','2023-03-05 08:59:06',NULL),(178,'21lp98ho95tk0sb5112k4bsak0','000001','Admin Admin','Admin','Admin','2023-03-05 08:59:06',NULL),(179,'pp06ndki9r52eqb0g93mcp743u','000001','Admin Admin','Admin','Admin','2023-03-05 08:59:07',NULL),(180,'huoeuvhggdo3f7e8jnl3d6m0ep','000001','Admin Admin','Admin','Admin','2023-03-05 08:59:07',NULL),(181,'1reslprdj1rql3tgdujc1gp29g','000001','Admin Admin','Admin','Admin','2023-03-05 08:59:07',NULL),(182,'8095g96kvkojhcecn804g6l8sj','000001','Admin Admin','Admin','Admin','2023-03-05 09:00:07',NULL),(183,'jnlo6rt9j5805a3b5j0u3rd27j','000001','Admin Admin','Admin','Admin','2023-03-05 09:00:08',NULL),(184,'31qes3qjbggiup54basoo5tfdg','000001','Admin Admin','Admin','Admin','2023-03-05 09:00:08',NULL),(185,'o233frergb1a47nf25l323kt1s','000001','Admin Admin','Admin','Admin','2023-03-05 09:00:08',NULL),(186,'m00o8s19fqsa6qnedlgb4eul7f','000001','Admin Admin','Admin','Admin','2023-03-05 09:00:08',NULL),(187,'efflsm707v4ag58agufv1en423','000001','Admin Admin','Admin','Admin','2023-03-05 09:00:08',NULL),(188,'dc6hu47u2lrfvabaqjq1quai67','000001','Admin Admin','Admin','Admin','2023-03-05 09:00:09',NULL),(189,'3tgqjksfn64uldnnai380fa88g','000001','Admin Admin','Admin','Admin','2023-03-05 09:27:12',NULL),(190,'ru84somam17opfphjs4ps92hkn','000001','Admin Admin','Admin','Admin','2023-03-05 09:40:03',NULL),(191,'kgds91q7u8jtuitr5o6c4f4vef','000001','Admin Admin','Admin','Admin','2023-03-05 09:40:03',NULL),(192,'hhev1i9nnii2m7jjr8mfc5jvif','000001','Admin Admin','Admin','Admin','2023-03-05 09:40:03',NULL),(193,'mc38v0e92ktleebiu4rsrlplb4','000001','Admin Admin','Admin','Admin','2023-03-05 09:40:04',NULL),(194,'7fp2ldiaha091o9qbbhvh42rdg','000001','Admin Admin','Admin','Admin','2023-03-05 09:40:05',NULL),(195,'jbo2val046vn0hslls05qrsr7d','000001','Admin Admin','Admin','Admin','2023-03-05 09:41:22',NULL),(196,'g9bv2oitp81scr3o66gm1n60un','000001','Admin Admin','Admin','Admin','2023-03-05 09:41:22',NULL),(197,'frkvh9u4emcgr1b8lt8pseqa1o','000001','Admin Admin','Admin','Admin','2023-03-05 09:41:23',NULL),(198,'uuj8okkhr7afu4ta51e0fmg6h8','000001','Admin Admin','Admin','Admin','2023-03-05 09:41:23',NULL),(199,'ufp435hkmaf2ladvbv5vt1462c','000001','Admin Admin','Admin','Admin','2023-03-05 09:41:23',NULL),(200,'56husi27pttmevc2lb5gspp37e','000001','Admin Admin','Admin','Admin','2023-03-05 09:42:45',NULL),(201,'61u5n5o4qhpan0o2l13mu21deo','000001','Admin Admin','Admin','Admin','2023-03-05 09:42:45',NULL),(202,'1bd9psboo8amecm72cq3pij3v2','000001','Admin Admin','Admin','Admin','2023-03-05 09:42:46',NULL),(203,'5g7qkflksjjulvmit46fn23q1k','000001','Admin Admin','Admin','Admin','2023-03-05 09:42:46',NULL),(204,'4egjqt9vgnod09rkppp16dt052','000001','Admin Admin','Admin','Admin','2023-03-05 09:42:46',NULL),(205,'geb6fdog2lbnlsutqjgpttgamu','000001','Admin Admin','Admin','Admin','2023-03-05 09:42:46',NULL),(206,'pgckost2e052mfqger41i10ehv','000001','Admin Admin','Admin','Admin','2023-03-05 09:42:46',NULL),(207,'4ke9irnfg8c02lov7ansj7bg52','000001','Admin Admin','Admin','Admin','2023-03-05 09:42:47',NULL),(208,'gkscdi05n8tr9nlgjc0nijehvo','000001','Admin Admin','Admin','Admin','2023-03-05 09:42:47',NULL),(209,'vnp95dqq82o1l53g2q3ta2bdjb','000001','Admin Admin','Admin','Admin','2023-03-05 09:43:04',NULL),(210,'eegvbm1231ss4bsnutb0s1s2o9','000001','Admin Admin','Admin','Admin','2023-03-05 09:44:42',NULL),(211,'2219dp5svugdpgp9jn80nssl0i','000001','Admin Admin','Admin','Admin','2023-03-05 09:44:55',NULL),(212,'sr81jk65fkudseedrdml38i95n','000001','Admin Admin','Admin','Admin','2023-03-05 09:44:56',NULL),(213,'bjejpvemtpr9neu8r61cl0gd47','000001','Admin Admin','Admin','Admin','2023-03-05 09:44:57',NULL),(214,'cqvmv5jf2i0csg22vff2ib0m9l','000001','Admin Admin','Admin','Admin','2023-03-05 09:44:57',NULL),(215,'ft7tnuk25qnm84hldeshhvvo3j','000001','Admin Admin','Admin','Admin','2023-03-05 09:44:58',NULL),(216,'k68e2m5j28j5hbmpel2kc1lac9','000001','Admin Admin','Admin','Admin','2023-03-05 09:44:59',NULL),(217,'v4tqgo3m2idadjk53sef64nput','000001','Admin Admin','Admin','Admin','2023-03-05 09:44:59',NULL),(218,'g505t7hb9r5a5l6s87n1ga948h','000001','Admin Admin','Admin','Admin','2023-03-05 09:45:00',NULL),(219,'hj1ug5hbjtt44vkget839mm2t3','000001','Admin Admin','Admin','Admin','2023-03-05 09:45:00',NULL),(220,'oj4f235g8mt9h161tgllqodbm3','000001','Admin Admin','Admin','Admin','2023-03-05 09:45:01',NULL),(221,'a8euefj48pkn83qfvb29p3hqkh','000001','Admin Admin','Admin','Admin','2023-03-05 09:45:02',NULL),(222,'lc5oovcofaq8fv43lpad5gda0s','000001','Admin Admin','Admin','Admin','2023-03-05 09:45:02',NULL),(223,'7m4hucddlpb45qkhqgbb0og9m3','000001','Admin Admin','Admin','Admin','2023-03-05 09:45:03',NULL),(224,'s298kjfpdvjeaj84ur6s7c20it','000001','Admin Admin','Admin','Admin','2023-03-05 09:45:04',NULL),(225,'freuu4klbd8fm5ssags27lmav3','000001','Admin Admin','Admin','Admin','2023-03-05 09:45:04',NULL),(226,'inbqav11456opl9a9umophp5sb','000001','Admin Admin','Admin','Admin','2023-03-05 09:45:05',NULL),(227,'ersj7uhb686jgb760k1f8k0ln5','000001','Admin Admin','Admin','Admin','2023-03-05 09:45:06',NULL),(228,'nqv064s7473dd2c3se4v1l9d2f','000001','Admin Admin','Admin','Admin','2023-03-05 09:45:23',NULL),(229,'snbfir382ul4c2t8ciu00unfhh','000001','Admin Admin','Admin','Admin','2023-03-05 09:45:23',NULL),(230,'0247crdn9g9lgk3d5ts4pmmdd3','000001','Admin Admin','Admin','Admin','2023-03-05 09:45:24',NULL),(231,'1sl5ldarf9sd4qj9v7em536pqm','000001','Admin Admin','Admin','Admin','2023-03-05 09:45:25',NULL),(232,'ac30ng1q2b1fok1smvvdrp6qcg','000001','Admin Admin','Admin','Admin','2023-03-05 09:45:26',NULL),(233,'b9c7n4vajln45gbkhtjp8sctkb','000001','Admin Admin','Admin','Admin','2023-03-05 09:45:27',NULL),(234,'i71l6du56nu7fgej0m7nmq8d3p','000001','Admin Admin','Admin','Admin','2023-03-05 09:45:28',NULL),(235,'e9h7r0ot8hp2d7vmtop8943ceu','000001','Admin Admin','Admin','Admin','2023-03-05 09:45:29',NULL),(236,'p0frvdpatfjsmrpisq1pc4694p','000001','Admin Admin','Admin','Admin','2023-03-05 09:45:30',NULL),(237,'a36hrl5fu9sk5fiujn399mqv4b','000001','Admin Admin','Admin','Admin','2023-03-05 09:45:31',NULL),(238,'gkjmm96gv5gsedm50pnhetjab9','000001','Admin Admin','Admin','Admin','2023-03-05 09:45:32',NULL),(239,'2iuu5d2kbs5c6nl3a6qg6ln5bg','000001','Admin Admin','Admin','Admin','2023-03-05 09:45:32',NULL),(240,'h0icm0an4sjbkasae4b5nfc3pr','000001','Admin Admin','Admin','Admin','2023-03-05 09:45:33',NULL),(241,'1gks3c4mlhviqb70sti43esqjt','000001','Admin Admin','Admin','Admin','2023-03-05 09:46:18',NULL),(242,'dco9hqo7hnaeh0qqhcekigcb06','1037178','Collin Okoth Ochara','Student','Student','2023-03-05 09:47:52','2023-03-06 08:40:54'),(243,'jqmqmbbsc7ic8dig87g3vmq6an','000001','Admin Admin','Admin','Admin','2023-03-06 12:52:42','2023-03-06 12:52:55'),(244,'llbj5stkqppae2lj6bifdikssm','000001','Admin Admin','Admin','Admin','2023-03-06 12:54:48','2023-03-06 12:54:50'),(245,'i19k83gv20cvbrib6u8j9kd610','000001','Admin Admin','Admin','Admin','2023-03-06 12:56:13','2023-03-06 12:56:15'),(246,'1rjae0omh1cn81ok8dhk8oal1d','000001','Admin Admin','Admin','Admin','2023-03-06 14:17:25','2023-03-06 15:06:32'),(247,'ebnkdhnta2162vv5vgq93vgqqr','1037178','Collin Okoth Ochara','Student','Student','2023-03-06 15:07:41','2023-03-06 15:27:15'),(248,'64a0cpk5422d5rvovgi7ftgs8h','1037178','Collin Okoth Ochara','Student','Student','2023-03-06 15:27:38',NULL),(249,'ju7clboe0bvon8murjgjapsmib','1037178','Collin Okoth Ochara','Student','Student','2023-03-07 09:38:25',NULL),(250,'28vo2n8tiqp587iv1obg43pibn','000001','Admin Admin','Admin','Admin','2023-03-24 08:45:31',NULL),(251,'bl4gchb9homfg8qe0otkue6q5r','000001','Admin Admin','Admin','Admin','2023-03-24 11:46:18',NULL),(252,'n19nedi0dtjq4jtb71bf03bfem','000001','Admin Admin','Admin','Admin','2023-03-28 12:36:33',NULL),(253,'2i3hp1on66ckba3apj8m9chmc6','000001','Admin Admin','Admin','Admin','2023-03-30 12:38:54',NULL),(254,'rrh6un4ktm7pkeqfqcc4sk8uab','000001','Admin Admin','Admin','Admin','2023-04-02 20:51:52','2023-04-02 20:54:10'),(255,'ata68mjv0cv5457ilggfo840vg','000001','Admin Admin','Admin','Admin','2023-04-02 20:58:42','2023-04-02 21:00:41'),(256,'l4rse0g8h7sdkkjdm2n6e69cos','000001','Admin Admin','Admin','Admin','2023-04-03 10:51:28',NULL),(257,'hoplllc359njfk4f22d7iqm31a','1041226','Emayot Amoit Caren','Student','Student','2023-04-09 16:28:41','2023-04-09 16:39:17'),(258,'s3alis01dtgm6a6ut9vrb2nje7','1743031','Kevin John Mangaa','Student','Student','2023-04-09 16:39:41',NULL),(259,'64pitl5pr9vulbjnqu8dv2g3vq','000001','Admin Admin','Admin','Admin','2023-04-16 21:22:04','2023-04-16 21:47:38'),(260,'hl0ln4aiov9nvhfgmo6nmlvm90','000001','Admin Admin','Admin','Admin','2023-04-18 07:53:55',NULL),(261,'10tpth58m7t0el6i80mkh7ndbq','000001','Admin Admin','Admin','Admin','2023-04-19 22:23:53','2023-04-19 22:25:37'),(262,'jr7vs74n5lcbsq5rojdqvb3vkd','1000118','Fabien Lonema','Employee','Registrar','2023-04-19 22:25:57','2023-04-19 23:28:53'),(263,'jrrfsv3ug9uvivbnb12kvmilla','000001','Admin Admin','Admin','Admin','2023-04-19 23:29:34','2023-04-19 23:51:55'),(264,'eaccma59b9lpab6v2it5ejj6t5','2000112','Edward Chris','Employee','Hod','2023-04-19 23:30:00','2023-04-19 23:31:52'),(265,'uosvnsgum3s2822p83ls7a6b3u','000001','Admin Admin','Admin','Admin','2023-04-20 07:27:53',NULL),(266,'0cdonsh2fse26hpsld6kqa5dpu','2000112','Edward Chris','Employee','Hod','2023-04-20 07:29:04','2023-04-20 07:29:40'),(267,'e3tava4cmttkh9mfiaj5kur9ir','1000111','Richard Rwiza','Employee','Dean','2023-04-20 07:30:24','2023-04-20 07:31:04'),(268,'iu36a5mnab5fnpt3cb675tdcif','1000118','Fabien Lonema','Employee','Registrar','2023-04-20 07:31:31','2023-04-20 07:32:40'),(269,'8gktqo4gc0bv6vi9e0u0arj7aa','1000119','Everlyn Anduvare','Employee','Librarian','2023-04-20 07:33:17','2023-04-20 07:37:05'),(270,'63jgifk9bhtd07c7icji41cmv8','111222','Eric Philip','Employee','Finance','2023-04-20 07:37:25','2023-04-20 07:38:58'),(271,'4231p5j83ar3eof3apg3pupb9q','1037178','Collin Okoth Ochara','Student','Student','2023-04-20 07:40:12','2023-04-20 08:18:12'),(272,'cohkfurnkk370tshub2vvl7mn3','000001','Admin Admin','Admin','Admin','2023-04-20 08:52:13','2023-04-20 09:16:06'),(273,'t9qdi42njiq0u7stcpulm3l2ls','000001','Admin Admin','Admin','Admin','2023-04-20 09:40:13',NULL),(274,'j3b8tfcdh32sq5mlirjoqmobda','1078367','Christina kejgon','Student','Student','2023-04-27 09:26:45','2023-04-27 15:46:51'),(275,'68ej00aemqjm1k7f2e467og8v3','000001','Admin Admin','Admin','Admin','2023-04-27 18:20:04','2023-04-27 18:22:35'),(276,'qmrtq6omo69609ljjkg3pqp54b','1000118','Fabien Lonema','Employee','Registrar','2023-04-27 18:22:50','2023-04-27 18:31:15'),(277,'q1c9c1euip56c7hf9i9r3hrjdh','1037178','Collin Okoth Ochara','Student','Student','2023-05-07 22:25:43','2023-05-08 08:34:45'),(278,'dg3i0f27pf295cacq0g35b045k','1037178','Collin Okoth Ochara','Student','Student','2023-05-08 16:21:56','2023-05-08 17:54:37'),(279,'cmr0j00oj390bdj7ua1jh7ca7m','122202','Philip Peter Paul ','Employee','Hod','2023-05-08 17:57:30','2023-05-10 07:48:09'),(280,'bqfcatm4fqhc6h7s86ago80i7s','000001','Admin Admin','Admin','Admin','2023-05-13 11:41:36','2023-05-13 11:44:00'),(281,'6a9bn0vjubsvtv152hdg4k2r7c','1037178','Collin Okoth Ochara','Student','Student','2023-05-13 11:44:20','2023-05-13 11:47:02'),(282,'kcs0a064ci57ab73isqd55nqk4','1000118','Fabien Lonema','Employee','Registrar','2023-05-13 11:48:11','2023-05-13 11:51:10'),(283,'ur1tgojj2fohen91ksoo8smnr0','1000118','Fabien Lonema','Employee','Registrar','2023-05-15 14:50:57',NULL),(284,'glo2gaf4hrvsmu9gg0pvqqljhq','1000118','Fabien Lonema','Employee','Registrar','2023-05-15 17:37:11','2023-05-15 19:00:21'),(285,'ceel6k7nhil7kkqjnj11s5495i','000001','Admin Admin','Admin','Admin','2023-05-16 04:10:18',NULL),(286,'2uvvnjlmksq4im6115tals8jnm','000001','Admin Admin','Admin','Admin','2023-05-16 06:06:50','2023-05-16 06:29:46'),(287,'0tfmqqvjdt55uphsvup78u086q','1000118','Fabien Lonema','Employee','Registrar','2023-05-16 06:30:05','2023-05-16 06:33:33'),(288,'4b0t49mv2uopkl8vtnpm3lpfa3','2000112','Edward Chris','Employee','Hod','2023-05-16 06:35:37','2023-05-16 06:59:56'),(289,'ael028vigcdnu8inuqvbof4jv1','000001','Admin Admin','Admin','Admin','2023-05-16 07:00:08','2023-05-16 07:02:32'),(290,'nf33903uoh0qo4geolphqnda6j','1000118','Fabien Lonema','Employee','Registrar','2023-05-16 07:21:10','2023-05-16 07:31:21'),(291,'i5kcr1copd3k4m4kfrqqcesdq5','000001','Admin Admin','Admin','Admin','2023-05-16 07:31:35','2023-05-16 07:47:06'),(292,'9douf6u0dru0ga54bni6s3l0qk','1000118','Fabien Lonema','Employee','Registrar','2023-05-16 07:49:05','2023-05-16 07:55:59'),(293,'uaotq85n6edj2e5ffce18bs428','1000118','Fabien Lonema','Employee','Registrar','2023-05-16 07:57:17','2023-05-16 07:58:50'),(294,'org9atcn6enobef6v2ufv2audl','1000118','Fabien Lonema','Employee','Registrar','2023-05-16 07:59:06','2023-05-16 08:07:45'),(295,'8e302qnod6g403sfulfj5t63iu','2000112','Edward Chris','Employee','Hod','2023-05-16 08:08:17',NULL),(296,'jimmbn543rpded3uk13ignp0nm','1037178','Collin Okoth Ochara','Student','Student','2023-05-19 20:00:04','2023-05-19 20:00:50'),(297,'k3r6ole1i06e18u23bq6v7qq56','2000112','Edward Chris','Employee','Hod','2023-05-19 20:02:30','2023-05-19 20:25:12'),(298,'podjfhrtqp9sg0g3uitre4s3rb','1000118','Fabien Lonema','Employee','Registrar','2023-05-19 20:25:27','2023-05-19 22:10:44'),(299,'5poq4iscni1i8gubf8lsaf7t8r','1037178','Collin Okoth Ochara','Student','Student','2023-05-19 20:36:50',NULL),(300,'fjfu9g041m0vn96ab2ltmnm506','1000118','Fabien Lonema','Employee','Registrar','2023-05-19 22:11:33','2023-05-20 19:15:53'),(301,'qrutn4uq7vsbreludviq07hogi','1000118','Fabien Lonema','Employee','Registrar','2023-05-20 19:16:43','2023-05-21 10:42:25'),(302,'c1th7uerubdstn4cihs9d38m0u','1000118','Fabien Lonema','Employee','Registrar','2023-05-21 20:07:51','2023-05-22 06:12:58'),(303,'th5ao20bhca71rf6eogcgkhk6r','1000118','Fabien Lonema','Employee','Registrar','2023-05-22 09:00:20','2023-05-24 20:57:08'),(304,'cim5si5butsda9a5j7hjb41upc','1078149','Brain Emmanuel','Student','Student','2023-05-24 20:58:07','2023-05-24 21:00:56'),(305,'8d7b1m4cen952s7hsfff467akj','101001','Chris thuo ','Employee','Hod','2023-05-24 21:02:16','2023-05-24 21:09:58'),(306,'3fi9s43mqi3vh41n15jbl1c178','000001','Admin Admin','Admin','Admin','2023-05-24 21:16:04','2023-05-24 22:47:13'),(307,'sut4budd57fdl46htf0rhhpnc9','1049061','Jane Gilbert Nzioki','Student','Student','2023-05-24 22:48:30','2023-05-24 23:00:41'),(308,'5k04j0anfu90pdhi0p2199ce69','000001','Admin Admin','Admin','Admin','2023-05-24 22:49:59',NULL),(309,'0bge647auo5nvhgv97v01hb4ql','130003','George Philip Jamal ','Employee','Hod','2023-05-24 23:02:19','2023-05-24 23:04:24'),(310,'5ufgfdr2iicj6d2j0bjt260ur4','1000119','Everlyn Anduvare','Employee','Librarian','2023-05-24 23:04:58','2023-05-24 23:11:24'),(311,'d0roiaegpo5bdrpurde07sio66','103031','Mary Oliver Kamau','Employee','Dean','2023-05-24 23:12:20','2023-05-24 23:12:24'),(312,'hrckege7brpktb2mqlp5ndu710','748584','John Maina','Employee','Dean','2023-05-24 23:20:04','2023-05-24 23:22:46'),(313,'0953u7008vf14tsl940k0p0d8t','1000118','Fabien Lonema','Employee','Registrar','2023-05-24 23:23:00','2023-05-24 23:24:24'),(314,'ou96tem3158ji757erukfct95k','111222','Eric Philip','Employee','Finance','2023-05-24 23:25:00','2023-05-24 23:27:59'),(315,'3bdlk08bmgql0a5uulobartnvg','1000118','Fabien Lonema','Employee','Registrar','2023-05-24 23:28:11',NULL),(316,'riek71hjo6ebpuu1sg2gvrn68u','000001','Admin Admin','Admin','Admin','2023-05-26 14:00:06',NULL),(317,'3t2t74uocc15gr57kftdighh9h','000001','Admin Admin','Admin','Admin','2023-05-28 03:18:06','2023-05-28 04:00:29'),(318,'3dj0eo98l4ccpdde0a3beclc62','1000118','Fabien Lonema','Employee','Registrar','2023-05-28 04:01:03','2023-05-28 08:33:51'),(319,'e3s9a58bkmtdf1tc6fo29lttu3','000001','Admin Admin','Admin','Admin','2023-05-28 08:34:24','2023-05-28 16:29:16'),(320,'tv7t03ht9nqonble8lsruj8ich','1000118','Fabien Lonema','Employee','Registrar','2023-05-28 16:29:27','2023-05-28 16:37:59'),(321,'lu3vkk1rg1b4c60letvlt56n59','000001','Admin Admin','Admin','Admin','2023-05-28 16:38:12','2023-05-29 05:33:17'),(322,'7jve4o8qsu8n2u9ektkk6rr4uu','000001','John Doe','Admin','Admin','2023-05-29 05:33:30','2023-05-29 06:55:01'),(323,'icblkslufhvotf30ep700vne1m','000001','John Doe','Admin','Admin','2023-05-29 07:08:56','2023-05-29 09:53:47'),(324,'13m0d8mchectgmgd9ru07nn8d6','2000112','Edward Chris','Employee','Hod','2023-05-29 07:10:12','2023-05-29 13:49:59'),(325,'brf0oapra6avuiicmsmnkp3oqq','000001','John Doe','Admin','Admin','2023-05-29 13:47:08','2023-05-29 14:00:56'),(326,'ogaamdpc3d5beup61va262n2ng','1000111','Richard Rwiza','Employee','Dean','2023-05-29 13:50:24','2023-05-29 13:50:53'),(327,'6lh9eggdc7kt7v9fs2euoif8ce','1000115','George Kimathi','Employee','Dean','2023-05-29 13:51:22','2023-05-29 14:02:54'),(328,'qlmhhq1ba92b06phmn3tv1tf1j','000001','John Doe','Admin','Admin','2023-05-29 14:03:15','2023-05-30 01:17:56'),(329,'njgf0odlnnk5541uiio2ui5i08','1000119','Everlyn Anduvare','Employee','Librarian','2023-05-29 14:03:49',NULL),(330,'n5uvm2v0bac9uekue6f1gq355n','1000119','Everlyn Anduvare','Employee','Librarian','2023-05-30 00:33:34','2023-05-30 01:37:04'),(331,'3s084fkpdjlgpq60nrgo928cpt','1000118','Fabien Lonema','Employee','Registrar','2023-05-30 01:18:12','2023-05-30 01:18:18'),(332,'uecv8610dd3ujge20nbak7oiuq','000001','John Doe','Admin','Admin','2023-05-30 01:18:42','2023-05-30 01:18:58'),(333,'9jj41aqtci07qcdrlfhnh3u6pc','2000112','Edward Chris Kioko','Employee','Hod','2023-05-30 01:19:07','2023-05-30 01:37:11'),(334,'73d9apkgedld1l9hl5mabm1ijm','000001','John Doe','Admin','Admin','2023-05-30 01:37:23','2023-05-30 02:20:30'),(335,'ijn1sdsjd312gir7a1ijc25s0f','111222','Eric Philip','Employee','Finance','2023-05-30 01:38:11','2023-05-30 02:44:34'),(336,'923jit5ekdvg6fkeq3rpkj751c','1000118','Fabien Lonema','Employee','Registrar','2023-05-30 02:20:41','2023-05-30 02:24:31'),(337,'0ph9l5b37vj9hl4f88kntes0n3','1037178','Collin Okoth Ochara','Student','Student','2023-05-30 02:24:40','2023-05-30 02:28:01'),(338,'9mq7877cgsvph85b52g6sletn1','1037178','Collin Okoth Ochara','Student','Student','2023-05-30 02:28:25','2023-05-30 12:30:15'),(339,'s20el72tlqa6urnmo1bo74n01u','000001','John Doe','Admin','Admin','2023-05-30 12:30:47',NULL),(340,'ek53tbn5s9dirhkts9mgv5ml6p','1000115','George Kimathi','Employee','Dean','2023-05-30 12:32:39','2023-05-30 13:52:06'),(341,'9ta16fm6ece2qi9e1lres5slto','000001','John Doe','Admin','Admin','2023-06-03 06:03:08','2023-06-03 06:03:19'),(342,'svm7j590p1q1t066d10j6fq90v','1037178','Collin Okoth Ochara','Student','Student','2023-06-03 06:03:40',NULL),(343,'ph406tlk9icr5i7t9o34oridov','1037178','Collin Okoth Ochara','Student','Student','2023-06-03 18:39:26','2023-06-03 22:20:24'),(344,'g9nr718k05tcvtdct2ormt47id','000001','John Doe','Admin','Admin','2023-06-03 18:59:51','2023-06-03 22:21:26'),(345,'r0r10hme6qq6dbodn06bvkrjkv','2000112','Edward Chris Kioko','Employee','Hod','2023-06-03 19:22:08','2023-06-03 19:45:50'),(346,'7gnohmv6jna7j7asua2q2ple2n','1000119','Everlyn Peter','Employee','Librarian','2023-06-03 19:46:07','2023-06-03 21:40:03'),(347,'186cec8b2tmsvg5megtf49luqu','1000115','George Kimathi Murigi','Employee','Dean','2023-06-03 21:40:15','2023-06-03 21:44:13'),(348,'ijpbq49vmu3p130unlur7psrtj','1000118','Fabien Lonema','Employee','Registrar','2023-06-03 21:44:41','2023-06-03 22:19:10'),(349,'udva60uq57oohtrac6lvan5e49','000001','John Doe Admin','Admin','Admin','2023-06-04 10:01:04','2023-06-04 13:12:38'),(350,'11bvheu1rv5r0e6pdh2sgois15','1000118','Fabien Lonema','Employee','Registrar','2023-06-04 13:12:49',NULL),(351,'l13i7us8t1l24qqfguman9ppu7','000001','John Doe Admin','Admin','Admin','2023-06-04 21:46:40',NULL);
/*!40000 ALTER TABLE `login_logs` ENABLE KEYS */;
UNLOCK TABLES;

--
-- Table structure for table `reg_clearance_request`
--

DROP TABLE IF EXISTS `reg_clearance_request`;
/*!40101 SET @saved_cs_client     = @@character_set_client */;
/*!50503 SET character_set_client = utf8mb4 */;
CREATE TABLE `reg_clearance_request` (
  `reg_req_id` int NOT NULL AUTO_INCREMENT,
  `clr_id` int NOT NULL,
  `std_fullnames` varchar(200) NOT NULL,
  `std_regNo` varchar(50) NOT NULL,
  `stdStatus` enum('Pending','Approved','Rejected') NOT NULL DEFAULT 'Pending',
  `emp_fullname` varchar(200) DEFAULT NULL,
  `created_at` timestamp NULL DEFAULT CURRENT_TIMESTAMP,
  `updated_at` timestamp NULL DEFAULT CURRENT_TIMESTAMP ON UPDATE CURRENT_TIMESTAMP,
  PRIMARY KEY (`reg_req_id`),
  KEY `clr_id` (`clr_id`),
  CONSTRAINT `reg_clearance_request_ibfk_1` FOREIGN KEY (`clr_id`) REFERENCES `clearance` (`clr_id`) ON DELETE CASCADE ON UPDATE CASCADE
) ENGINE=InnoDB AUTO_INCREMENT=44 DEFAULT CHARSET=utf8mb4 COLLATE=utf8mb4_0900_ai_ci;
/*!40101 SET character_set_client = @saved_cs_client */;

--
-- Dumping data for table `reg_clearance_request`
--

LOCK TABLES `reg_clearance_request` WRITE;
/*!40000 ALTER TABLE `reg_clearance_request` DISABLE KEYS */;
INSERT INTO `reg_clearance_request` VALUES (27,30,'Collin Okoth Ochara','1037178','Approved','Fabien Lonema','2023-02-23 14:02:06','2023-02-23 14:21:41'),(30,33,'Mwiyathi Dammaris Mwasya','1036644','Pending',NULL,'2023-02-23 14:05:33','2023-02-23 14:05:33'),(31,34,'Peter Magoba Emmanuel','1441942','Pending',NULL,'2023-02-23 14:06:55','2023-02-23 14:06:55'),(32,35,'Alice Gilbert','1539062','Pending',NULL,'2023-02-23 14:08:03','2023-02-23 14:08:03'),(33,36,'Emayot Amoit Caren','1041226','Approved','Fabien Lonema','2023-02-23 14:10:57','2023-02-23 14:21:02'),(34,37,'Naimodu Jackson Koileken','1040227','Approved','Fabien Lonema','2023-02-23 14:11:50','2023-02-23 14:21:20'),(35,38,'Peter Magoba Emmanuel','1443941','Approved','Fabien Lonema','2023-02-24 06:33:05','2023-02-24 07:07:06'),(36,39,'Alice Gilbert','1533062','Approved','Fabien Lonema','2023-02-24 06:34:28','2023-02-24 07:07:20'),(38,41,'Magoba Emmanuel','1041949','Approved','Fabien Lonema','2023-02-26 09:54:18','2023-02-26 13:40:23'),(39,42,'Kevin John Mangaa','1743031','Pending',NULL,'2023-04-09 16:43:29','2023-04-09 16:43:29'),(41,44,'Christina kejgon','1078367','Pending',NULL,'2023-04-27 09:31:41','2023-04-27 09:31:41'),(43,46,'Jane Gilbert Nzioki','1049061','Approved','Fabien Lonema','2023-05-24 23:00:16','2023-05-24 23:23:34');
/*!40000 ALTER TABLE `reg_clearance_request` ENABLE KEYS */;
UNLOCK TABLES;

--
-- Table structure for table `students`
--

DROP TABLE IF EXISTS `students`;
/*!40101 SET @saved_cs_client     = @@character_set_client */;
/*!50503 SET character_set_client = utf8mb4 */;
CREATE TABLE `students` (
  `std_id` int NOT NULL AUTO_INCREMENT,
  `std_regNo` varchar(50) NOT NULL,
  `std_fullname` varchar(255) DEFAULT NULL,
  `faculty` varchar(50) NOT NULL,
  `department` varchar(100) NOT NULL,
  `levels` varchar(50) NOT NULL,
  `programs` varchar(255) NOT NULL,
  `specialization` varchar(100) NOT NULL,
  `mode_of_study` varchar(10) NOT NULL,
  `years` int NOT NULL,
  `gender` varchar(10) CHARACTER SET utf8mb4 COLLATE utf8mb4_0900_ai_ci NOT NULL,
  `email` varchar(50) NOT NULL,
  `phone` varchar(11) NOT NULL,
  `std_address` varchar(50) NOT NULL,
  `date_created` date NOT NULL,
  `password` varchar(200) NOT NULL,
  `role` enum('Student','Employee','Admin') CHARACTER SET utf8mb4 COLLATE utf8mb4_0900_ai_ci NOT NULL,
  `transcript` blob,
  `fee_statement` blob,
  `updated_at` date DEFAULT NULL,
  PRIMARY KEY (`std_id`),
  UNIQUE KEY `std_regNo` (`std_regNo`),
  UNIQUE KEY `email` (`email`)
) ENGINE=InnoDB AUTO_INCREMENT=207 DEFAULT CHARSET=utf8mb4 COLLATE=utf8mb4_0900_ai_ci;
/*!40101 SET character_set_client = @saved_cs_client */;

--
-- Dumping data for table `students`
--

LOCK TABLES `students` WRITE;
/*!40000 ALTER TABLE `students` DISABLE KEYS */;
INSERT INTO `students` VALUES (58,'1037178','Collin Okoth Ochara','Faculty of Science','Department of Computer and Information Science','Bachelor','Bachelor of Science in Computer Science','not applicable','evening',4,'Male','collinsok@gmail.com','0734244112','Karen','2023-02-03','Collin123,./','Student',NULL,NULL,'2023-06-04'),(59,'1046644','Dammaris Mwiyathi Mwasya','Faculty of Science','Department of Computer and Information Science','Bachelor','Bachelor of Science in Computer Science','not applicable','Day',4,'Male','dammaris@gmail.com','0734244322','Nairobi','2023-02-03','Dammaris123,./','Student',NULL,NULL,NULL),(60,'1037156','Matlida Adhiambo','Faculty of Science','Department of Computer and Information Science','Bachelor','Bachelor of Science in Computer Science','not applicable','Day',4,'Female','matilda@gmail.com','0734244322','Nairobi','2023-02-03','Matilda123,./','Student',NULL,NULL,NULL),(61,'1041949','Magoba Emmanuel','Faculty of Science','Department of Computer and Information Science','Bachelor','Bachelor of Science in Computer Science','not applicable','Day',4,'Male','magoba@gmail.com','0734244322','Nairobi','2023-02-03','Magoba123,./','Student',NULL,NULL,NULL),(62,'1039061','Alice Gilbert Nzioki','Faculty of Science','Department of Computer and Information Science','Bachelor','Bachelor of Science in Computer Science','not applicable','Day',4,'Male','alice@gmail.com','0734244322','Nairobi','2023-02-03','Alice123,./','Student',NULL,NULL,NULL),(63,'1043693','Teresa Achieng','Faculty of Science','Department of Computer and Information Science','Bachelor','Bachelor of Science in Computer Science','not applicable','Day',4,'Female','teresa@gmail.com','0734244322','Nairobi','2023-02-03','Teresa123,./','Student',NULL,NULL,NULL),(64,'1041032','John Mangaa Kevin','Faculty of Science','Department of Computer and Information Science','Bachelor','Bachelor of Science in Computer Science','not applicable','Day',4,'Male','johnm@gmail.com','0734244322','Nairobi','2023-02-03','Teresa123,./','Student',NULL,NULL,NULL),(65,'1042085','Gatugi Pierah','Faculty of Science','Department of Computer and Information Science','Bachelor','Bachelor of Science in Computer Science','not applicable','Day',4,'Male','gatugi@gmail.com','0734244322','Nairobi','2023-02-03','Gatugi123,./','Student',NULL,NULL,NULL),(66,'1041206','Emayot Amoit Caren','Faculty of Science','Department of Computer and Information Science','Bachelor','Bachelor of Science in Computer Science','not applicable','Day',4,'Male','emayot@gmail.com','0734244322','Nairobi','2023-02-03','Emayot123,./','Student',NULL,NULL,NULL),(67,'1040667','Naimodu Jackson Koileken','Faculty of Science','Department of Computer and Information Science','Bachelor','Bachelor of Science in Computer Science','not applicable','Day',4,'Female','naimodu@gmail.com','0734244322','Nairobi','2023-02-03','Naimodu123,./','Student',NULL,NULL,NULL),(68,'1047178','Okoth Collin Ochara','Faculty of Arts & Social Science','Department of Economics','Bachelor','Bachelor of Commerce','not applicable','Day',4,'Male','okoth@gmail.com','0734244322','Nairobi','2023-02-03','Okoth123,./','Student',NULL,NULL,NULL),(69,'1036644','Mwiyathi Dammaris Mwasya','Faculty of Arts & Social Science','Department of Economics','Bachelor','Bachelor of Commerce','not applicable','Day',4,'Male','mwiyathi@gmail.com','0734244322','Nairobi','2023-02-03','Mwiyathi123,./','Student',NULL,NULL,NULL),(70,'1047156','Anne Adhiambo','Faculty of Arts & Social Science','Department of Economics','Bachelor','Bachelor of Commerce','not applicable','Day',4,'Female','anne@gmail.com','0734244322','Nairobi','2023-02-03','Anne123,./','Student',NULL,NULL,NULL),(71,'1031949','Emmanuel Magoba','Faculty of Arts & Social Science','Department of Economics','Bachelor','Bachelor of Commerce','not applicable','Day',4,'Male','emmanuel@gmail.com','0734244322','Nairobi','2023-02-03','emmanuel123,./','Student',NULL,NULL,NULL),(72,'1049061','Jane Gilbert Nzioki','Faculty of Arts & Social Science','Department of Economics','Bachelor','Bachelor of Commerce','not applicable','Day',4,'Female','jane@gmail.com','0734244322','Nairobi','2023-02-03','Jane123,./','Student',NULL,NULL,NULL),(73,'1033693','Sarah Achieng','Faculty of Arts & Social Science','Department of Economics','Bachelor','Bachelor of Commerce','not applicable','Day',4,'Female','sarah@gmail.com','0734244322','Nairobi','2023-02-03','Sarah123,./','Student',NULL,NULL,NULL),(74,'1031032','Kevin John Mangaa','Faculty of Arts & Social Science','Department of Economics','Bachelor','Bachelor of Commerce','not applicable','Day',4,'Male','kevin@gmail.com','0734244322','Nairobi','2023-02-03','Kevin123,./','Student',NULL,NULL,NULL),(75,'1032085','Pierah Gatugi','Faculty of Arts & Social Science','Department of Economics','Bachelor','Bachelor of Commerce','not applicable','Day',4,'Male','pierah@gmail.com','0734244322','Nairobi','2023-02-03','Pierah123,./','Student',NULL,NULL,NULL),(76,'1031206','Hannah Amoit Caren','Faculty of Arts & Social Science','Department of Economics','Bachelor','Bachelor of Commerce','not applicable','Day',4,'Female','hannah@gmail.com','0734244322','Nairobi','2023-02-03','Hannah123,./','Student',NULL,NULL,NULL),(77,'1030667','Jackson Naimodu Koileken','Faculty of Arts & Social Science','Department of Economics','Bachelor','Bachelor of Commerce','not applicable','Day',4,'Male','jackson@gmail.com','0734244322','Nairobi','2023-02-03','Jackson123,./','Student',NULL,NULL,NULL),(78,'1137172','Ochara Collin Okoth','Faculty of Science','Department of Mathematics and Actuarial Science','Bachelor','Bachelor of Science in Mathematics','not applicable','Day',4,'Male','collin1@gmail.com','0734244322','Nairobi','2023-02-03','Collin123,./','Student',NULL,NULL,NULL),(79,'1246642','Mwasya Dammaris Mwiyathi','Faculty of Science','Department of Mathematics and Actuarial Science','Bachelor','Bachelor of Science in Mathematics','not applicable','Day',4,'Male','dammaris2@gmail.com','0734244322','Nairobi','2023-02-03','Dammaris123,./','Student',NULL,NULL,NULL),(80,'1337152','Matlida John Adhiambo','Faculty of Science','Department of Mathematics and Actuarial Science','Bachelor','Bachelor of Science in Mathematics','not applicable','Day',4,'Female','matilda3@gmail.com','0734244322','Nairobi','2023-02-03','Matilda123,./','Student',NULL,NULL,NULL),(81,'1441942','Peter Magoba Emmanuel','Faculty of Science','Department of Mathematics and Actuarial Science','Bachelor','Bachelor of Science in Mathematics','not applicable','Day',4,'Male','magoba4@gmail.com','0734244322','Nairobi','2023-02-03','Magoba123,./','Student',NULL,NULL,NULL),(82,'1539062','Alice Gilbert','Faculty of Science','Department of Mathematics and Actuarial Science','Bachelor','Bachelor of Science in Mathematics','not applicable','Day',4,'Male','alice5@gmail.com','0734244322','Nairobi','2023-02-03','Alice123,./','Student',NULL,NULL,NULL),(83,'1643692','Teresa Patrick Achieng','Faculty of Science','Department of Mathematics and Actuarial Science','Bachelor','Bachelor of Science in Mathematics','not applicable','Day',4,'Female','teresa6@gmail.com','0734244322','Nairobi','2023-02-03','Teresa123,./','Student',NULL,NULL,NULL),(84,'1741022','Kevin John Mangaa','Faculty of Science','Department of Mathematics and Actuarial Science','Bachelor','Bachelor of Science in Mathematics','not applicable','Day',4,'Male','johnm7@gmail.com','0734244322','Nairobi','2023-02-03','Teresa123,./','Student',NULL,NULL,NULL),(85,'1842082','Gatugi Alex Pierah','Faculty of Science','Department of Mathematics and Actuarial Science','Bachelor','Bachelor of Science in Mathematics','not applicable','Day',4,'Male','gatugi8@gmail.com','0734244322','Nairobi','2023-02-03','Gatugi123,./','Student',NULL,NULL,NULL),(86,'1941202','Caren Emayot Amoit','Faculty of Science','Department of Mathematics and Actuarial Science','Bachelor','Bachelor of Science in Mathematics','not applicable','Day',4,'Male','emayot9@gmail.com','0734244322','Nairobi','2023-02-03','Emayot123,./','Student',NULL,NULL,NULL),(87,'1220662','JacksonNaimodu Koileken','Faculty of Science','Department of Mathematics and Actuarial Science','Bachelor','Bachelor of Science in Mathematics','not applicable','Day',4,'Female','naimodu7@gmail.com','0734244322','Nairobi','2023-02-03','Naimodu123,./','Student',NULL,NULL,NULL),(108,'1243641','Mwasya Dammaris Mwiyathi','Faculty of Law','Department of CONTINUING PROFESSIONAL DEVELOPMENT PROJECTS AND RESEARCH (CUEA CPD)','Bachelor','Bachelor of Laws (LLB)','not applicable','Day',4,'Male','dammaris112@gmail.com','0734244322','Nairobi','2023-02-03','Dammaris123,./','Student',NULL,NULL,NULL),(109,'1333151','Matlida John Adhiambo','Faculty of Law','Department of CONTINUING PROFESSIONAL DEVELOPMENT PROJECTS AND RESEARCH (CUEA CPD)','Bachelor','Bachelor of Laws (LLB)','not applicable','Day',4,'Female','matilda113@gmail.com','0734244322','Nairobi','2023-02-03','Matilda123,./','Student',NULL,NULL,NULL),(110,'1443941','Peter Magoba Emmanuel','Faculty of Law','Department of CONTINUING PROFESSIONAL DEVELOPMENT PROJECTS AND RESEARCH (CUEA CPD)','Bachelor','Bachelor of Laws (LLB)','not applicable','Day',4,'Male','magoba114@gmail.com','0734244322','Nairobi','2023-02-03','Magoba123,./','Student',NULL,NULL,NULL),(111,'1533062','Alice Gilbert','Faculty of Law','Department of CONTINUING PROFESSIONAL DEVELOPMENT PROJECTS AND RESEARCH (CUEA CPD)','Bachelor','Bachelor of Laws (LLB)','not applicable','Day',4,'Male','alice115@gmail.com','0734244322','Nairobi','2023-02-03','Alice123,./','Student',NULL,NULL,NULL),(112,'1644691','Teresa Patrick Achieng','Faculty of Law','Department of CONTINUING PROFESSIONAL DEVELOPMENT PROJECTS AND RESEARCH (CUEA CPD)','Bachelor','Bachelor of Laws (LLB)','not applicable','Day',4,'Female','teresa116@gmail.com','0734244322','Nairobi','2023-02-03','Teresa123,./','Student',NULL,NULL,NULL),(113,'1743031','Kevin John Mangaa','Faculty of Law','Department of CONTINUING PROFESSIONAL DEVELOPMENT PROJECTS AND RESEARCH (CUEA CPD)','Bachelor','Bachelor of Laws (LLB)','not applicable','Day',4,'Male','johnm117@gmail.com','0734244322','Nairobi','2023-02-03','Teresa123,./','Student',NULL,NULL,NULL),(114,'1843081','Gatugi Alex Pierah','Faculty of Law','Department of CONTINUING PROFESSIONAL DEVELOPMENT PROJECTS AND RESEARCH (CUEA CPD)','Bachelor','Bachelor of Laws (LLB)','not applicable','Day',4,'Male','gatugi118@gmail.com','0734244322','Nairobi','2023-02-03','Gatugi123,./','Student',NULL,NULL,NULL),(115,'1943201','Caren Emayot Amoit','Faculty of Law','Department of CONTINUING PROFESSIONAL DEVELOPMENT PROJECTS AND RESEARCH (CUEA CPD)','Bachelor','Bachelor of Laws (LLB)','not applicable','Day',4,'Male','emayot119@gmail.com','0734244322','Nairobi','2023-02-03','Emayot123,./','Student',NULL,NULL,NULL),(116,'1223661','JacksonNaimodu Koileken','Faculty of Law','Department of CONTINUING PROFESSIONAL DEVELOPMENT PROJECTS AND RESEARCH (CUEA CPD)','Bachelor','Bachelor of Laws (LLB)','not applicable','Day',4,'Female','naimodu117@gmail.com','0734244322','Nairobi','2023-02-03','Naimodu123,./','Student',NULL,NULL,NULL),(117,'1037228','Collin Okoth Ochara','Faculty of Science','Department of Computer and Information Science','Diploma','Diploma in Information Technology','not applicable','Day',4,'Male','collin6@gmail.com','0734244322','Nairobi','2023-02-03','Collin123,./','Student',NULL,NULL,NULL),(118,'1046224','Dammaris Mwiyathi Mwasya','Faculty of Science','Department of Computer and Information Science','Diploma','Diploma in Information Technology','not applicable','Day',4,'Male','dammaris66@gmail.com','0734244322','Nairobi','2023-02-03','Dammaris123,./','Student',NULL,NULL,NULL),(119,'1037226','Matlida Adhiambo','Faculty of Science','Department of Computer and Information Science','Diploma','Diploma in Information Technology','not applicable','Day',4,'Female','matilda66@gmail.com','0734244322','Nairobi','2023-02-03','Matilda123,./','Student',NULL,NULL,NULL),(120,'1041229','Magoba Emmanuel','Faculty of Science','Department of Computer and Information Science','Diploma','Diploma in Information Technology','not applicable','Day',4,'Male','magoba66@gmail.com','0734244322','Nairobi','2023-02-03','Magoba123,./','Student',NULL,NULL,NULL),(121,'1039221','Alice Gilbert Nzioki','Faculty of Science','Department of Computer and Information Science','Diploma','Diploma in Information Technology','not applicable','Day',4,'Male','alice66@gmail.com','0734244322','Nairobi','2023-02-03','Alice123,./','Student',NULL,NULL,NULL),(122,'1043223','Teresa Achieng','Faculty of Science','Department of Computer and Information Science','Diploma','Diploma in Information Technology','not applicable','Day',4,'Female','teresa66@gmail.com','0734244322','Nairobi','2023-02-03','Teresa123,./','Student',NULL,NULL,NULL),(123,'1041222','John Mangaa Kevin','Faculty of Science','Department of Computer and Information Science','Diploma','Diploma in Information Technology','not applicable','Day',4,'Male','johnm66@gmail.com','0734244322','Nairobi','2023-02-03','Teresa123,./','Student',NULL,NULL,NULL),(124,'1042225','Gatugi Pierah','Faculty of Science','Department of Computer and Information Science','Diploma','Diploma in Information Technology','not applicable','Day',4,'Male','gatugi66@gmail.com','0734244322','Nairobi','2023-02-03','Gatugi123,./','Student',NULL,NULL,NULL),(125,'1041226','Emayot Amoit Caren','Faculty of Science','Department of Computer and Information Science','Diploma','Diploma in Information Technology','not applicable','Day',4,'Male','emayot66@gmail.com','0734244322','Nairobi','2023-02-03','Emayot123,./','Student',NULL,NULL,NULL),(126,'1040227','Naimodu Jackson Koileken','Faculty of Science','Department of Computer and Information Science','Diploma','Diploma in Information Technology','not applicable','Day',4,'Female','naimodu66@gmail.com','0734244322','Nairobi','2023-02-03','Naimodu123,./','Student',NULL,NULL,NULL),(137,'1044628','Collin Okoth Ochara','Faculty of Theology','Department of Biblical Theology','Master','Master of Theology','Biblical Theology','Day',2,'Male','collin623@gmail.com','0734244322','Nairobi','2023-02-03','Collin123,./','Student',NULL,NULL,NULL),(138,'1045624','Dammaris Mwiyathi Mwasya','Faculty of Theology','Department of Biblical Theology','Master','Master of Theology','Biblical Theology','Day',2,'Male','dammaris6623@gmail.com','0734244322','Nairobi','2023-02-03','Dammaris123,./','Student',NULL,NULL,NULL),(139,'1045626','Matlida Adhiambo','Faculty of Theology','Department of Biblical Theology','Master','Master of Theology','Biblical Theology','Day',2,'Female','matilda6623@gmail.com','0734244322','Nairobi','2023-02-03','Matilda123,./','Student',NULL,NULL,NULL),(140,'1045629','Magoba Emmanuel','Faculty of Theology','Department of Biblical Theology','Master','Master of Theology','Biblical Theology','Day',2,'Male','magoba6623@gmail.com','0734244322','Nairobi','2023-02-03','Magoba123,./','Student',NULL,NULL,NULL),(141,'1045621','Alice Gilbert Nzioki','Faculty of Theology','Department of Biblical Theology','Master','Master of Theology','Biblical Theology','Day',2,'Male','alice6623@gmail.com','0734244322','Nairobi','2023-02-03','Alice123,./','Student',NULL,NULL,NULL),(142,'1045623','Teresa Achieng','Faculty of Theology','Department of Biblical Theology','Master','Master of Theology','Biblical Theology','Day',2,'Female','teresa6623@gmail.com','0734244322','Nairobi','2023-02-03','Teresa123,./','Student',NULL,NULL,NULL),(143,'1045622','John Mangaa Kevin','Faculty of Theology','Department of Biblical Theology','Master','Master of Theology','Biblical Theology','Day',2,'Male','johnm6623@gmail.com','0734244322','Nairobi','2023-02-03','Teresa123,./','Student',NULL,NULL,NULL),(144,'1045625','Gatugi Pierah','Faculty of Theology','Department of Biblical Theology','Master','Master of Theology','Biblical Theology','Day',2,'Male','gatugi6623@gmail.com','0734244322','Nairobi','2023-02-03','Gatugi123,./','Student',NULL,NULL,NULL),(145,'1045690','Emayot Amoit Caren','Faculty of Theology','Department of Biblical Theology','Master','Master of Theology','Biblical Theology','Day',2,'Male','emayot6236@gmail.com','0734244322','Nairobi','2023-02-03','Emayot123,./','Student',NULL,NULL,NULL),(146,'1045627','Naimodu Jackson Koileken','Faculty of Theology','Department of Biblical Theology','Master','Master of Theology','Biblical Theology','Day',2,'Female','naimodu6326@gmail.com','0734244322','Nairobi','2023-02-03','Naimodu123,./','Student',NULL,NULL,NULL),(157,'1056728','Kennedy Okoth Ochara','Faculty of Theology','Department of Spiritual Theology','Doctoral','Doctor of Philosophy in Theology','Spiritual Theology','Day',2,'Male','collin783@gmail.com','0734244322','Nairobi','2023-02-03','Collin123,./','Student',NULL,NULL,NULL),(158,'1056724','Kelvin Mwiyathi Mwasya','Faculty of Theology','Department of Spiritual Theology','Doctoral','Doctor of Philosophy in Theology','Spiritual Theology','Day',2,'Male','dammaris7823@gmail.com','0734244322','Nairobi','2023-02-03','Dammaris123,./','Student',NULL,NULL,NULL),(159,'1056726','Mary Adhiambo','Faculty of Theology','Department of Spiritual Theology','Doctoral','Doctor of Philosophy in Theology','Spiritual Theology','Day',2,'Female','matilda7823@gmail.com','0734244322','Nairobi','2023-02-03','Matilda123,./','Student',NULL,NULL,NULL),(160,'1056729','Peter Emmanuel','Faculty of Theology','Department of Spiritual Theology','Doctoral','Doctor of Philosophy in Theology','Spiritual Theology','Day',2,'Male','magoba7823@gmail.com','0734244322','Nairobi','2023-02-03','Magoba123,./','Student',NULL,NULL,NULL),(161,'1056721','Alex Gilbert Nzioki','Faculty of Theology','Department of Spiritual Theology','Doctoral','Doctor of Philosophy in Theology','Spiritual Theology','Day',2,'Male','alice7823@gmail.com','0734244322','Nairobi','2023-02-03','Alice123,./','Student',NULL,NULL,NULL),(162,'1056723','Jane Achieng','Faculty of Theology','Department of Spiritual Theology','Doctoral','Doctor of Philosophy in Theology','Spiritual Theology','Day',2,'Female','teresa7823@gmail.com','0734244322','Nairobi','2023-02-03','Teresa123,./','Student',NULL,NULL,NULL),(163,'1056722','Patric Mangaa Kevin','Faculty of Theology','Department of Spiritual Theology','Doctoral','Doctor of Philosophy in Theology','Spiritual Theology','Day',2,'Male','johnm7823@gmail.com','0734244322','Nairobi','2023-02-03','Teresa123,./','Student',NULL,NULL,NULL),(164,'1056725','Henry Pierah','Faculty of Theology','Department of Spiritual Theology','Doctoral','Doctor of Philosophy in Theology','Spiritual Theology','Day',2,'Male','gatugi7823@gmail.com','0734244322','Nairobi','2023-02-03','Gatugi123,./','Student',NULL,NULL,NULL),(165,'1056790','Sarah Amoit Caren','Faculty of Theology','Department of Spiritual Theology','Doctoral','Doctor of Philosophy in Theology','Spiritual Theology','Day',2,'Male','emayot7836@gmail.com','0734244322','Nairobi','2023-02-03','Emayot123,./','Student',NULL,NULL,NULL),(166,'1056727','Suzan Jackson Koileken','Faculty of Theology','Department of Spiritual Theology','Doctoral','Doctor of Philosophy in Theology','Spiritual Theology','Day',2,'Female','naimodu786@gmail.com','0734244322','Nairobi','2023-02-03','Naimodu123,./','Student',NULL,NULL,NULL),(167,'1078978','Derak Okoth Ochara','Faculty of Science','Department of Natural Sciences','Bachelor','Bachelor of Science in Biology','not applicable','Day',4,'Male','collin99@gmail.com','0734244322','Nairobi','2023-02-03','Collin123,./','Student',NULL,NULL,NULL),(168,'1078944','Daniel Mwiyathi Mwasya','Faculty of Science','Department of Natural Sciences','Bachelor','Bachelor of Science in Biology','not applicable','Day',4,'Male','dammaris99@gmail.com','0734244322','Nairobi','2023-02-03','Dammaris123,./','Student',NULL,NULL,NULL),(169,'1078956','Jennifer Adhiambo','Faculty of Science','Department of Natural Sciences','Bachelor','Bachelor of Science in Biology','not applicable','Day',4,'Female','matilda99@gmail.com','0734244322','Nairobi','2023-02-03','Matilda123,./','Student',NULL,NULL,NULL),(170,'1078949','Dominic Emmanuel','Faculty of Science','Department of Natural Sciences','Bachelor','Bachelor of Science in Biology','not applicable','Day',4,'Male','magoba99@gmail.com','0734244322','Nairobi','2023-02-03','Magoba123,./','Student',NULL,NULL,NULL),(171,'1078961','Diana Gilbert Nzioki','Faculty of Science','Department of Natural Sciences','Bachelor','Bachelor of Science in Biology','not applicable','Day',4,'Male','alice99@gmail.com','0734244322','Nairobi','2023-02-03','Alice123,./','Student',NULL,NULL,NULL),(172,'1078993','Dora Achieng','Faculty of Science','Department of Natural Sciences','Bachelor','Bachelor of Science in Biology','not applicable','Day',4,'Female','teresa99@gmail.com','0734244322','Nairobi','2023-02-03','Teresa123,./','Student',NULL,NULL,NULL),(173,'1078932','Mike Mangaa Kevin','Faculty of Science','Department of Natural Sciences','Bachelor','Bachelor of Science in Biology','not applicable','Day',4,'Male','johnm99@gmail.com','0734244322','Nairobi','2023-02-03','Teresa123,./','Student',NULL,NULL,NULL),(174,'1078985','Micheal Pierah','Faculty of Science','Department of Natural Sciences','Bachelor','Bachelor of Science in Biology','not applicable','Day',4,'Male','gatugi99@gmail.com','0734244322','Nairobi','2023-02-03','Gatugi123,./','Student',NULL,NULL,NULL),(175,'1078906','Michelle Amoit Caren','Faculty of Science','Department of Natural Sciences','Bachelor','Bachelor of Science in Biology','not applicable','Day',4,'Male','emayot99@gmail.com','0734244322','Nairobi','2023-02-03','Emayot123,./','Student',NULL,NULL,NULL),(176,'1078967','Sharon Jackson Koileken','Faculty of Science','Department of Natural Sciences','Bachelor','Bachelor of Science in Biology','not applicable','Day',4,'Female','naimodu99@gmail.com','0734244322','Nairobi','2023-02-03','Naimodu123,./','Student',NULL,NULL,NULL),(177,'1078178','Joseph Okoth Ochara','Faculty of Science','Department of Natural Sciences','Bachelor','Bachelor of Science in Chemistry','not applicable','Day',4,'Male','collin909@gmail.com','0734244322','Nairobi','2023-02-03','Collin123,./','Student',NULL,NULL,NULL),(178,'1078144','Jimmy Mwiyathi Mwasya','Faculty of Science','Department of Natural Sciences','Bachelor','Bachelor of Science in Chemistry','not applicable','Day',4,'Male','dammaris909@gmail.com','0734244322','Nairobi','2023-02-03','Dammaris123,./','Student',NULL,NULL,NULL),(179,'1078156','Karen Adhiambo','Faculty of Science','Department of Natural Sciences','Bachelor','Bachelor of Science in Chemistry','not applicable','Day',4,'Female','matilda909@gmail.com','0734244322','Nairobi','2023-02-03','Matilda123,./','Student',NULL,NULL,NULL),(180,'1078149','Brain Emmanuel','Faculty of Science','Department of Natural Sciences','Bachelor','Bachelor of Science in Chemistry','not applicable','Day',4,'Male','magoba909@gmail.com','0734244322','Nairobi','2023-02-03','Magoba123,./','Student',NULL,NULL,NULL),(181,'1078161','Dalia Gilbert Nzioki','Faculty of Science','Department of Natural Sciences','Bachelor','Bachelor of Science in Chemistry','not applicable','Day',4,'Male','alice909@gmail.com','0734244322','Nairobi','2023-02-03','Alice123,./','Student',NULL,NULL,NULL),(182,'1078193','Hannah Achieng','Faculty of Science','Department of Natural Sciences','Bachelor','Bachelor of Science in Chemistry','not applicable','Day',4,'Female','teresa909@gmail.com','0734244322','Nairobi','2023-02-03','Teresa123,./','Student',NULL,NULL,NULL),(183,'1078132','Mark Mangaa Kevin','Faculty of Science','Department of Natural Sciences','Bachelor','Bachelor of Science in Chemistry','not applicable','Day',4,'Male','johnm909@gmail.com','0734244322','Nairobi','2023-02-03','Teresa123,./','Student',NULL,NULL,NULL),(184,'1078185','Barak Pierah','Faculty of Science','Department of Natural Sciences','Bachelor','Bachelor of Science in Chemistry','not applicable','Day',4,'Male','gatugi909@gmail.com','0734244322','Nairobi','2023-02-03','Gatugi123,./','Student',NULL,NULL,NULL),(185,'1078106','Obama Amoit Caren','Faculty of Science','Department of Natural Sciences','Bachelor','Bachelor of Science in Chemistry','not applicable','Day',4,'Male','emayot909@gmail.com','0734244322','Nairobi','2023-02-03','Emayot123,./','Student',NULL,NULL,NULL),(186,'1078167','Rebecca Jackson Koileken','Faculty of Science','Department of Natural Sciences','Bachelor','Bachelor of Science in Chemistry','not applicable','Day',4,'Female','naimodu909@gmail.com','0734244322','Nairobi','2023-02-03','Naimodu123,./','Student',NULL,NULL,NULL),(197,'1078308','Joseph Okoth Joseph','Faculty of Science','Department of Natural Sciences','Bachelor','Bachelor of Science in Physics','not applicable','Day',4,'Male','collin9091@gmail.com','0734244322','Nairobi','2023-02-03','Collin123,./','Student',NULL,NULL,NULL),(198,'1078344','Jimmy Derak Mwasya','Faculty of Science','Department of Natural Sciences','Bachelor','Bachelor of Science in Physics','not applicable','Day',4,'Male','dammaris9091@gmail.com','0734244322','Nairobi','2023-02-03','Dammaris123,./','Student',NULL,NULL,NULL),(199,'1078356','Karen Daniel','Faculty of Science','Department of Natural Sciences','Bachelor','Bachelor of Science in Physics','not applicable','Day',4,'Female','matilda9091@gmail.com','0734244322','Nairobi','2023-02-03','Matilda123,./','Student',NULL,NULL,NULL),(200,'1078349','Brain Dominic','Faculty of Science','Department of Natural Sciences','Bachelor','Bachelor of Science in Physics','not applicable','Day',4,'Male','magoba9091@gmail.com','0734244322','Nairobi','2023-02-03','Magoba123,./','Student',NULL,NULL,NULL),(201,'1078361','Dalia Joseph Nzioki','Faculty of Science','Department of Natural Sciences','Bachelor','Bachelor of Science in Physics','not applicable','Day',4,'Male','alice9091@gmail.com','0734244322','Nairobi','2023-02-03','Alice123,./','Student',NULL,NULL,NULL),(202,'1078393','Hannah Daniel','Faculty of Science','Department of Natural Sciences','Bachelor','Bachelor of Science in Physics','not applicable','Day',4,'Female','teresa9091@gmail.com','0734244322','Nairobi','2023-02-03','Teresa123,./','Student',NULL,NULL,NULL),(203,'1078332','Mark Micheal Kevin','Faculty of Science','Department of Natural Sciences','Bachelor','Bachelor of Science in Physics','not applicable','Day',4,'Male','johnm9091@gmail.com','0734244322','Nairobi','2023-02-03','Teresa123,./','Student',NULL,NULL,NULL),(204,'1078385','Barak Obama','Faculty of Science','Department of Natural Sciences','Bachelor','Bachelor of Science in Physics','not applicable','Day',4,'Male','gatugi9091@gmail.com','0734244322','Nairobi','2023-02-03','Gatugi123,./','Student',NULL,NULL,NULL),(205,'1078306','Peter Jackson Caren','Faculty of Science','Department of Natural Sciences','Bachelor','Bachelor of Science in Physics','not applicable','Day',4,'Male','emayot9091@gmail.com','0734244322','Nairobi','2023-02-03','Emayot123,./','Student',NULL,NULL,NULL),(206,'1078367','Christina kejgon','Faculty of Science','Department of Natural Sciences','Bachelor','Bachelor of Science in Physics','not applicable','Day',4,'Female','naimodu9091@gmail.com','0734244322','Nairobi','2023-02-03','Naimodu123,./','Student',NULL,NULL,NULL);
/*!40000 ALTER TABLE `students` ENABLE KEYS */;
UNLOCK TABLES;

--
-- Table structure for table `useractivity`
--

DROP TABLE IF EXISTS `useractivity`;
/*!40101 SET @saved_cs_client     = @@character_set_client */;
/*!50503 SET character_set_client = utf8mb4 */;
CREATE TABLE `useractivity` (
  `activity_id` int NOT NULL AUTO_INCREMENT,
  `username` varchar(255) DEFAULT NULL,
  `fullname` varchar(255) DEFAULT NULL,
  `role` varchar(10) DEFAULT NULL,
  `type_of_activity` varchar(255) DEFAULT NULL,
  `activity_time` timestamp NULL DEFAULT NULL,
  PRIMARY KEY (`activity_id`)
) ENGINE=InnoDB AUTO_INCREMENT=40 DEFAULT CHARSET=utf8mb4 COLLATE=utf8mb4_0900_ai_ci;
/*!40101 SET character_set_client = @saved_cs_client */;

--
-- Dumping data for table `useractivity`
--

LOCK TABLES `useractivity` WRITE;
/*!40000 ALTER TABLE `useractivity` DISABLE KEYS */;
INSERT INTO `useractivity` VALUES (1,'1078367','Christina kejgon','Student','submitting clearance request','2023-04-27 09:31:41'),(2,'1078149','Brain Emmanuel','Student','submitting clearance request','2023-05-24 20:58:48'),(3,'1049061','Jane Gilbert Nzioki','Student','submitting clearance request','2023-05-24 23:00:16'),(4,'1000118','Fabien Lonema','Employee','Updating clearance status for Student No. 1049061','2023-05-24 23:23:34'),(5,'000001','System Administrator','Admin','Added new employee. (Employees No. 5355353)','2023-05-29 06:12:21'),(6,'000001','John Doe','Admin','updated profile. (Admin No. 000001)','2023-05-29 06:37:21'),(7,'2000112','Edward Chris','Hod','Updating clearance status for Student No. 1041949','2023-05-29 07:14:07'),(8,'2000112','Edward Chris Kioko','Employee','Hod profile updated. (Hod No. 2000112)','2023-05-29 13:21:26'),(9,'1000119','Everlyn Anduvare','Librarian','Libarian Updating clearance status for Student No. 1049061','2023-05-30 01:16:29'),(10,'1000119','Everlyn Anduvare','Librarian','Libarian Updating clearance status for Student No. 1049061','2023-05-30 01:16:34'),(11,'1000119','Everlyn Anduvare','Librarian','Libarian Updating clearance status for Student No. 1049061','2023-05-30 01:16:51'),(12,'1000119','Everlyn Peter','Librarian','Hod profile updated. (Hod No. 1000119)','2023-05-30 01:22:04'),(13,'111222','Eric Philip','Finance','Finance updating clearance status for Student No. 1041949','2023-05-30 01:52:29'),(14,'111222','Eric Philip','Finance','Finance updating clearance status for Student No. 1049061','2023-05-30 01:59:45'),(15,'111222','Eric Philip','Finance','Finance updating clearance status for Student No. 1049061','2023-05-30 02:00:45'),(16,'111222','Eric Philip','Finance','Finance updating clearance status for Student No. 1037178','2023-05-30 02:01:23'),(17,'1000118','Fabien Lonema','Registrar','Registrar updating clearance status for Student No. 1049061','2023-05-30 02:20:58'),(18,'1000118','Fabien Lonema','Registrar','Registrar updating clearance status for Student No. 1049061','2023-05-30 02:21:07'),(19,'1000118','Fabien Lonema','Registrar','Registrar updating clearance status for Student No. 1041949','2023-05-30 02:21:26'),(20,'1000118','Fabien Lonema','Registrar','Registrar updating clearance status for Student No. 1533062','2023-05-30 02:21:36'),(21,'1000118','Fabien Lonema','Registrar','Registrar updating clearance status for Student No. 1443941','2023-05-30 02:21:46'),(22,'1000118','Fabien Lonema','Registrar','Registrar updating clearance status for Student No. 1040227','2023-05-30 02:21:55'),(23,'1000118','Fabien Lonema','Registrar','Registrar updating clearance status for Student No. 1041226','2023-05-30 02:22:05'),(24,'1000118','Fabien Lonema','Registrar','Registrar updating clearance status for Student No. 1037178','2023-05-30 02:22:23'),(25,'111222','Eric Philip','Finance','Finance updating clearance status for Student No. 1037178','2023-05-30 02:22:58'),(26,'111222','Eric Philip','Finance','Finance updating clearance status for Student No. 1041226','2023-05-30 02:23:12'),(27,'111222','Eric Philip','Finance','Finance updating clearance status for Student No. 1040227','2023-05-30 02:23:28'),(28,'111222','Eric Philip','Finance','Finance updating clearance status for Student No. 1443941','2023-05-30 02:23:39'),(29,'111222','Eric Philip','Finance','Finance updating clearance status for Student No. 1533062','2023-05-30 02:23:50'),(30,'111222','Eric Philip','Finance','Finance updating clearance status for Student No. 1041949','2023-05-30 02:24:01'),(31,'111222','Eric Philip','Finance','Finance updating clearance status for Student No. 1049061','2023-05-30 02:24:11'),(32,'1000115','George Kimathi Murigi','Dean','Hod profile updated. (Hod No. 1000115)','2023-05-30 12:58:50'),(33,'000001','John Doe Admin','Admin','updated profile. (Admin No. 000001)','2023-06-03 19:13:05'),(34,'2000112','Michael Kinyua','Hod','Hod profile updated. (Hod No. 2000112)','2023-06-03 19:39:28'),(35,'1000119','Everlyn Peter','Librarian','Hod profile updated. (Hod No. 1000119)','2023-06-03 19:47:43'),(36,'1000115','George Kimathi Murigi','Dean','Hod profile updated. (Hod No. 1000115)','2023-06-03 21:40:51'),(37,'1000118','Fabien Lonema','Registrar','Registrar profile updated. (Registrar No. 1000118)','2023-06-03 21:48:10'),(38,'1037178','Collin Okoth Ochara','','Student profile updated. (Student No. 1037178)','2023-06-03 22:13:33'),(39,'1037178','Collin Okoth Ochara','','Student profile updated. (Student No. 1037178)','2023-06-03 22:17:28');
/*!40000 ALTER TABLE `useractivity` ENABLE KEYS */;
UNLOCK TABLES;
/*!40103 SET TIME_ZONE=@OLD_TIME_ZONE */;

/*!40101 SET SQL_MODE=@OLD_SQL_MODE */;
/*!40014 SET FOREIGN_KEY_CHECKS=@OLD_FOREIGN_KEY_CHECKS */;
/*!40014 SET UNIQUE_CHECKS=@OLD_UNIQUE_CHECKS */;
/*!40101 SET CHARACTER_SET_CLIENT=@OLD_CHARACTER_SET_CLIENT */;
/*!40101 SET CHARACTER_SET_RESULTS=@OLD_CHARACTER_SET_RESULTS */;
/*!40101 SET COLLATION_CONNECTION=@OLD_COLLATION_CONNECTION */;
/*!40111 SET SQL_NOTES=@OLD_SQL_NOTES */;

-- Dump completed on 2023-06-05  0:52:23
